,日付,国内株式,先進国株式,新興国株式,国内債権,先進国債券,新興国債券,国内リート,先進国リート
0,20160908,9974,10037,10000,9977,10034,10053,9957,10000
1,20160909,9958,10077,10054,9946,10046,10089,9894,9974
2,20160912,9804,9900,9931,9939,10008,9994,9859,9801
3,20160913,9803,9857,9798,9949,9900,9893,9967,9745
4,20160914,9743,9838,9718,9931,9977,9912,9880,9670
5,20160915,9641,9813,9686,9951,9973,9894,9865,9665
6,20160916,9718,9850,9711,9948,9913,9880,9853,9644
7,20160920,9758,9816,9782,9976,9876,9887,9844,9714
8,20160921,10024,9806,9804,9955,9881,9880,9797,9709
9,20160923,10000,9924,10002,9986,9886,9970,9824,9896
10,20160926,9898,9842,9877,9984,9856,9873,9868,9887
11,20160927,9998,9702,9709,9990,9830,9808,9904,9862
12,20160928,9942,9761,9769,10017,9866,9915,9908,9831
13,20160929,10036,9889,9917,10019,9940,9987,9811,9959
14,20160930,9882,9821,9832,10009,9906,9888,9939,9835
15,20161003,9941,9899,9793,10006,9928,9959,9890,9825
16,20161004,10012,9949,10028,10005,9972,10054,9864,9764
17,20161005,10067,9995,10065,9987,10006,10054,9807,9711
18,20161006,10114,10086,10245,9983,10031,10155,9781,9589
19,20161007,10089,10073,10317,9981,9995,10161,9792,9574
20,20161011,10131,10108,10442,9967,9994,10191,9765,9594
21,20161012,10026,9959,10294,9978,9919,10069,9711,9476
22,20161013,10026,10028,10357,9985,9967,10141,9752,9608
23,20161014,10063,9930,10217,9978,9948,10090,9672,9631
24,20161017,10102,9982,10306,9977,9926,10091,9690,9637
25,20161018,10133,9912,10309,9977,9912,10076,9613,9594
26,20161019,10138,9983,10496,9977,9918,10128,9685,9662
27,20161020,10238,9999,10520,9983,9906,10158,9728,9675
28,20161021,10198,10029,10620,9983,9939,10191,9654,9692
29,20161024,10215,9988,10613,9983,9892,10133,9727,9621
30,20161025,10287,10079,10774,9989,9936,10219,9739,9693
31,20161026,10326,10022,10784,9994,9912,10212,9754,9665
32,20161027,10323,10030,10739,9982,9919,10191,9708,9571
33,20161028,10399,10070,10745,9972,9931,10200,9600,9415
34,20161031,10403,10021,10651,9978,9921,10135,9738,9395
35,20161101,10405,10001,10693,9979,9925,10185,9711,9513
36,20161102,10219,9893,10542,9992,9890,10079,9668,9300
37,20161104,10059,9684,10202,9992,9829,9972,9590,9072
38,20161107,10177,9735,10252,9983,9935,10063,9629,9182
39,20161108,10183,9968,10604,9990,9951,10152,9613,9360
40,20161109,9719,9780,10496,10001,9708,10004,9566,9195
41,20161110,10280,10187,10610,9971,9933,10101,9554,9365
42,20161111,10295,10293,10481,9958,9935,9896,9465,9295
43,20161114,10457,10307,10202,9941,9938,9831,9356,9369
44,20161115,10479,10358,10178,9919,9922,9777,9408,9558
45,20161116,10619,10526,10329,9899,10046,9936,9396,9588
46,20161117,10628,10471,10339,9913,10000,9883,9525,9533
47,20161118,10669,10641,10429,9889,10076,9952,9466,9594
48,20161121,10777,10686,10492,9891,10121,9973,9444,9667
49,20161122,10811,10725,10642,9887,10113,10028,9449,9618
50,20161124,10904,10918,10964,9882,10217,10098,9502,9881
51,20161125,10939,11062,11024,9890,10355,10172,9520,10002
52,20161128,10975,10968,10925,9913,10251,10059,9666,9923
53,20161129,10968,10871,11035,9918,10237,10116,9707,9927
54,20161130,10974,10946,10903,9914,10317,10141,9820,10060
55,20161201,11077,11120,11209,9900,10447,10325,9753,10140
56,20161202,11038,11030,11026,9896,10377,10191,9770,9944
57,20161205,10955,11018,11061,9906,10393,10180,9736,10032
58,20161206,11032,11095,11099,9882,10436,10272,9748,10087
59,20161207,11132,11197,11268,9884,10471,10413,9781,10202
60,20161208,11296,11306,11320,9872,10482,10484,9855,10357
61,20161209,11391,11375,11451,9850,10434,10487,9783,10443
62,20161212,11436,11544,11540,9809,10488,10554,9783,10549
63,20161213,11502,11505,11507,9801,10482,10592,9776,10555
64,20161214,11490,11601,11542,9834,10518,10617,9798,10593
65,20161215,11521,11727,11579,9826,10683,10729,9768,10609
66,20161216,11579,11798,11559,9845,10650,10740,9798,10551
67,20161219,11568,11748,11496,9836,10624,10668,9799,10638
68,20161220,11593,11701,11344,9852,10597,10642,9913,10678
69,20161221,11537,11816,11454,9859,10651,10734,9862,10770
70,20161222,11529,11779,11451,9855,10662,10754,9884,10642
71,20161226,11485,11703,11321,9849,10605,10703,9960,10593
72,20161227,11471,11745,11385,9852,10646,10744,9991,10630
73,20161228,11490,11792,11436,9844,10674,10770,10064,10673
74,20161229,11351,11675,11552,9855,10621,10714,10086,10560
75,20161230,11354,11635,11569,9856,10636,10721,10182,10619
76,20170104,11621,11820,11905,9838,10664,10754,10170,10881
77,20170105,11630,11778,11804,9835,10602,10715,10226,10896
78,20170106,11612,11718,11868,9845,10579,10694,10221,10862
79,20170110,11530,11726,11820,9843,10576,10690,10110,10804
80,20170111,11590,11728,11925,9836,10568,10635,10138,10736
81,20170112,11478,11696,11919,9846,10524,10558,10067,10624
82,20170113,11548,11650,12043,9847,10528,10655,10084,10622
83,20170116,11441,11620,11947,9844,10448,10596,10046,10538
84,20170117,11280,11578,11865,9848,10422,10532,9982,10513
85,20170118,11316,11444,11804,9849,10390,10502,10013,10475
86,20170119,11424,11645,12010,9828,10506,10630,10022,10658
87,20170120,11463,11651,12002,9821,10514,10648,10078,10575
88,20170123,11322,11577,11934,9829,10422,10601,10085,10523
89,20170124,11260,11435,11968,9835,10377,10548,10071,10501
90,20170125,11374,11593,12120,9819,10430,10640,10088,10581
91,20170126,11550,11645,12099,9798,10360,10591,10112,10479
92,20170127,11582,11767,12262,9803,10438,10653,10150,10591
93,20170130,11541,11781,12305,9802,10483,10710,10172,10532
94,20170131,11375,11596,12055,9800,10380,10652,10137,10380
95,20170201,11422,11521,11968,9793,10373,10621,10112,10391
96,20170202,11291,11551,12036,9779,10353,10642,10045,10316
97,20170203,11326,11534,12007,9782,10350,10685,10050,10377
98,20170206,11366,11548,11982,9762,10292,10690,10055,10384
99,20170207,11334,11435,11889,9766,10221,10608,10047,10299
100,20170208,11394,11502,11925,9767,10277,10636,9961,10349
101,20170209,11314,11483,11966,9787,10287,10631,9916,10402
102,20170210,11561,11718,12171,9793,10426,10810,9946,10591
103,20170213,11617,11774,12360,9786,10409,10850,9920,10664
104,20170214,11505,11811,12473,9775,10372,10837,9877,10639
105,20170215,11617,11917,12575,9779,10413,10948,9898,10680
106,20170216,11599,11949,12657,9774,10386,10947,9861,10635
107,20170217,11554,11882,12563,9773,10381,10851,9868,10624
108,20170220,11573,11820,12402,9773,10314,10757,9901,10586
109,20170221,11636,11875,12579,9774,10353,10811,9907,10642
110,20170222,11644,11955,12644,9785,10350,10846,9925,10758
111,20170223,11637,11914,12632,9801,10333,10876,9992,10700
112,20170224,11594,11873,12520,9809,10328,10893,10123,10715
113,20170227,11474,11770,12283,9828,10298,10775,10087,10671
114,20170228,11485,11819,12271,9828,10324,10809,10043,10747
115,20170301,11617,11855,12281,9812,10378,10798,10012,10750
116,20170302,11704,12091,12476,9800,10389,10912,9961,10799
117,20170303,11654,12063,12315,9812,10383,10841,9974,10761
118,20170306,11631,12039,12338,9820,10384,10868,9990,10695
119,20170307,11631,12014,12320,9814,10378,10885,9949,10666
120,20170308,11594,11978,12323,9805,10364,10914,9888,10611
121,20170309,11629,12017,12202,9796,10372,10873,9949,10511
122,20170310,11774,12099,12089,9791,10425,10863,9845,10434
123,20170313,11798,12116,12120,9790,10416,10913,9933,10361
124,20170314,11780,12136,12277,9792,10410,10934,9860,10374
125,20170315,11756,12084,12219,9793,10399,10907,9862,10352
126,20170316,11766,12045,12294,9812,10367,10919,9932,10416
127,20170317,11715,12090,12429,9810,10381,11011,9951,10461
128,20170321,11696,11954,12384,9817,10306,11011,9885,10393
129,20170322,11447,11769,12248,9825,10271,10931,9895,10295
130,20170323,11447,11737,12183,9826,10278,10953,9867,10262
131,20170324,11546,11735,12138,9820,10247,10938,9862,10314
132,20170327,11400,11655,12085,9824,10217,10919,9857,10246
133,20170328,11553,11677,12044,9828,10263,10903,9898,10214
134,20170329,11636,11770,12111,9829,10258,10877,9878,10269
135,20170330,11525,11825,12193,9820,10280,10929,9851,10344
136,20170331,11409,11931,12185,9813,10323,10989,9836,10431
137,20170403,11447,11817,12031,9808,10243,10921,9768,10401
138,20170404,11354,11709,12000,9811,10194,10822,9767,10350
139,20170405,11354,11740,12058,9809,10221,10840,9774,10373
140,20170406,11168,11694,12070,9819,10196,10782,9851,10377
141,20170407,11241,11748,12035,9828,10221,10817,9824,10467
142,20170410,11314,11782,12073,9825,10240,10852,9749,10523
143,20170411,11280,11736,11971,9833,10190,10782,9759,10524
144,20170412,11162,11599,11813,9849,10103,10675,9670,10474
145,20170413,11077,11513,11770,9852,10069,10683,9641,10423
146,20170414,11010,11473,11787,9864,10097,10725,9562,10440
147,20170417,11058,11381,11676,9874,10018,10663,9764,10358
148,20170418,11104,11548,11831,9860,10110,10770,9767,10537
149,20170419,11101,11441,11659,9870,10121,10728,9741,10508
150,20170420,11111,11469,11616,9869,10146,10722,9755,10513
151,20170421,11231,11568,11707,9867,10160,10786,9686,10543
152,20170424,11341,11639,11818,9858,10274,10927,9667,10582
153,20170425,11462,11803,11922,9861,10270,10941,9654,10504
154,20170426,11599,12030,12194,9853,10402,11072,9676,10691
155,20170427,11594,12028,12165,9851,10386,10995,9682,10618
156,20170428,11557,12012,12091,9861,10385,10990,9618,10589
157,20170501,11617,12023,12142,9858,10424,11049,9613,10511
158,20170502,11698,12087,12183,9854,10454,11097,9716,10610
159,20170508,11966,12288,12119,9844,10544,11167,9793,10585
160,20170509,11934,12332,12167,9835,10557,11151,9830,10598
161,20170510,11959,12387,12294,9830,10581,11187,9845,10610
162,20170511,11973,12444,12469,9819,10618,11280,9802,10706
163,20170512,11928,12381,12458,9822,10578,11295,9762,10640
164,20170515,11923,12340,12442,9830,10591,11291,9751,10564
165,20170516,11958,12448,12632,9824,10640,11423,9699,10625
166,20170517,11894,12349,12526,9825,10586,11356,9735,10475
167,20170518,11737,12006,12215,9833,10516,11125,9810,10349
168,20170519,11772,12038,11842,9842,10527,10964,9746,10400
169,20170522,11833,12156,12034,9834,10577,11120,9697,10466
170,20170523,11814,12178,12019,9840,10558,11108,9710,10479
171,20170524,11887,12257,12121,9834,10591,11188,9693,10535
172,20170525,11911,12275,12168,9830,10602,11236,9727,10596
173,20170526,11842,12314,12245,9843,10613,11245,9735,10602
174,20170529,11848,12253,12216,9840,10566,11219,9731,10504
175,20170530,11867,12213,12176,9845,10530,11176,9693,10475
176,20170531,11836,12193,12150,9841,10538,11136,9723,10427
177,20170601,11969,12204,12059,9835,10570,11206,9784,10445
178,20170602,12166,12354,12133,9837,10613,11276,9783,10564
179,20170605,12149,12287,12075,9841,10547,11202,9763,10552
180,20170606,12046,12235,12068,9844,10510,11201,9765,10485
181,20170607,12050,12123,11986,9845,10477,11152,9810,10372
182,20170608,11998,12176,12022,9818,10503,11160,9712,10472
183,20170609,12006,12162,12019,9833,10473,11156,9644,10449
184,20170612,12002,12201,11983,9829,10506,11189,9671,10521
185,20170613,12016,12137,11889,9830,10489,11180,9648,10572
186,20170614,12004,12210,11919,9832,10503,11204,9610,10622
187,20170615,11976,12157,11908,9843,10515,11229,9733,10634
188,20170616,12035,12259,11909,9838,10588,11273,9671,10778
189,20170619,12109,12289,11920,9838,10607,11302,9686,10778
190,20170620,12194,12459,12074,9841,10651,11322,9635,10844
191,20170621,12152,12323,11933,9841,10620,11185,9626,10749
192,20170622,12143,12285,11889,9845,10616,11151,9612,10687
193,20170623,12152,12316,11943,9841,10639,11220,9590,10702
194,20170626,12159,12327,11981,9840,10656,11270,9568,10745
195,20170627,12212,12416,12185,9847,10720,11377,9575,10855
196,20170628,12191,12384,12161,9838,10750,11374,9505,10799
197,20170629,12264,12511,12185,9838,10797,11432,9563,10846
198,20170630,12173,12382,12145,9813,10735,11332,9452,10734
199,20170703,12193,12390,12169,9814,10737,11366,9421,10714
200,20170704,12156,12539,12337,9814,10795,11415,9354,10898
201,20170705,12225,12511,12286,9806,10778,11395,9313,10892
202,20170706,12201,12515,12298,9790,10765,11329,9383,10761
203,20170707,12137,12463,12274,9793,10773,11329,9274,10630
204,20170710,12201,12607,12324,9789,10840,11425,9225,10756
205,20170711,12290,12636,12398,9784,10863,11463,9196,10679
206,20170712,12230,12579,12461,9792,10843,11404,9079,10612
207,20170713,12230,12633,12608,9808,10818,11468,9175,10667
208,20170714,12280,12692,12730,9807,10819,11508,9040,10731
209,20170718,12237,12638,12744,9815,10785,11539,9083,10806
210,20170719,12249,12584,12688,9813,10795,11537,9238,10787
211,20170720,12334,12643,12767,9813,10789,11522,9365,10852
212,20170721,12309,12678,12782,9816,10841,11570,9327,10820
213,20170724,12245,12520,12610,9817,10771,11452,9344,10706
214,20170725,12212,12546,12670,9820,10801,11453,9417,10727
215,20170726,12239,12655,12733,9811,10810,11467,9385,10805
216,20170727,12287,12588,12706,9818,10774,11461,9438,10780
217,20170728,12248,12580,12751,9817,10766,11460,9525,10810
218,20170731,12227,12473,12617,9814,10728,11395,9567,10708
219,20170801,12301,12474,12648,9813,10757,11404,9542,10710
220,20170802,12347,12533,12705,9816,10799,11405,9460,10769
221,20170803,12343,12570,12801,9820,10840,11469,9519,10724
222,20170804,12324,12478,12690,9823,10798,11393,9523,10643
223,20170807,12383,12571,12793,9818,10808,11430,9439,10726
224,20170808,12353,12595,12892,9818,10827,11448,9477,10722
225,20170809,12222,12477,12820,9829,10712,11344,9487,10602
226,20170810,12217,12474,12749,9830,10765,11346,9435,10592
227,20170814,12080,12222,12411,9835,10740,11269,9350,10394
228,20170815,12210,12417,12596,9837,10787,11382,9365,10610
229,20170816,12208,12460,12657,9836,10789,11423,9406,10632
230,20170817,12198,12436,12665,9834,10746,11407,9460,10617
231,20170818,12067,12221,12550,9841,10684,11302,9526,10512
232,20170821,12050,12175,12531,9847,10698,11342,9493,10418
233,20170822,12057,12165,12548,9849,10712,11348,9504,10481
234,20170823,12086,12321,12738,9852,10720,11406,9507,10514
235,20170824,12027,12237,12718,9858,10703,11362,9491,10526
236,20170825,12063,12299,12876,9860,10754,11442,9432,10551
237,20170828,12086,12264,12903,9863,10751,11451,9502,10517
238,20170829,12072,12229,12882,9866,10741,11398,9483,10435
239,20170830,12147,12327,13008,9864,10874,11533,9469,10527
240,20170831,12221,12424,13125,9864,10879,11569,9472,10632
241,20170901,12237,12487,13112,9868,10872,11572,9425,10675
242,20170904,12115,12481,13136,9873,10813,11577,9414,10675
243,20170905,12019,12442,13056,9874,10803,11556,9340,10657
244,20170906,12029,12273,12951,9874,10762,11483,9346,10552
245,20170907,12075,12363,13046,9865,10809,11593,9428,10631
246,20170908,12040,12318,13011,9880,10814,11578,9391,10630
247,20170911,12182,12309,12993,9874,10802,11573,9330,10651
248,20170912,12296,12542,13202,9860,10856,11686,9309,10824
249,20170913,12371,12667,13276,9856,10892,11715,9353,10796
250,20170914,12331,12705,13268,9841,10892,11710,9394,10800
251,20170915,12384,12661,13216,9858,10864,11708,9401,10828
252,20170919,12601,12847,13436,9849,10992,11791,9401,10934
253,20170920,12602,12886,13408,9852,11019,11820,9420,10883
254,20170921,12608,12970,13522,9854,11054,11899,9356,10937
255,20170922,12576,12929,13473,9860,11045,11873,9328,10868
256,20170925,12638,12976,13430,9859,11076,11936,9339,10857
257,20170926,12637,12821,13137,9855,10964,11765,9330,10793
258,20170927,12672,12894,13212,9837,11007,11793,9318,10880
259,20170928,12760,12996,13199,9815,11000,11735,9298,10844
260,20170929,12749,13000,13122,9826,10999,11736,9325,10884
261,20171002,12741,13055,13232,9816,11009,11773,9339,10918
262,20171003,12823,13111,13251,9815,10990,11751,9342,10914
263,20171004,12823,13108,13428,9832,10968,11716,9295,10887
264,20171005,12807,13128,13515,9837,10975,11767,9319,10923
265,20171006,12842,13178,13524,9825,10952,11722,9280,10948
266,20171010,12903,13149,13423,9825,10957,11613,9238,10930
267,20171011,12915,13141,13470,9824,10956,11613,9235,10928
268,20171012,12940,13192,13551,9826,10991,11688,9200,10981
269,20171013,13005,13161,13579,9823,10976,11679,9167,11020
270,20171016,13084,13145,13642,9823,10977,11697,9204,11022
271,20171017,13116,13166,13698,9820,10979,11696,9227,10995
272,20171018,13126,13163,13648,9819,10981,11673,9237,11005
273,20171019,13167,13285,13736,9819,11053,11752,9308,11091
274,20171020,13171,13249,13604,9814,11050,11755,9281,11025
275,20171023,13282,13406,13769,9816,11083,11791,9253,11074
276,20171024,13370,13313,13628,9821,11046,11693,9287,10985
277,20171025,13329,13372,13693,9822,11067,11702,9226,10973
278,20171026,13347,13282,13670,9821,11048,11625,9254,10917
279,20171027,13478,13346,13632,9821,11026,11540,9228,10903
280,20171030,13475,13380,13675,9824,11002,11555,9205,10908
281,20171031,13438,13298,13574,9826,10998,11487,9203,10841
282,20171101,13596,13399,13635,9830,11072,11554,9168,10928
283,20171102,13653,13449,13720,9833,11089,11579,9223,10975
284,20171106,13643,13509,13687,9857,11115,11554,9152,11049
285,20171107,13801,13458,13701,9858,11079,11556,9179,11045
286,20171108,13833,13439,13690,9864,11090,11517,9176,11127
287,20171109,13799,13487,13770,9856,11109,11562,9143,11206
288,20171110,13701,13366,13667,9852,11042,11501,9070,11176
289,20171113,13572,13368,13608,9842,11032,11495,9072,11209
290,20171114,13538,13368,13552,9839,11039,11481,9140,11245
291,20171115,13272,13332,13416,9845,11083,11447,9102,11206
292,20171116,13408,13215,13237,9845,11055,11402,9182,11083
293,20171117,13423,13302,13377,9851,11045,11474,9322,11152
294,20171120,13391,13178,13412,9854,10959,11425,9424,11041
295,20171121,13479,13258,13423,9858,11009,11449,9515,11062
296,20171122,13524,13308,13575,9862,10999,11427,9482,11104
297,20171124,13551,13220,13550,9855,10970,11452,9504,11011
298,20171127,13521,13282,13570,9847,11010,11474,9455,11053
299,20171128,13486,13179,13436,9844,10950,11448,9500,10948
300,20171129,13593,13348,13518,9853,10990,11520,9462,10981
301,20171130,13639,13388,13496,9849,11005,11535,9468,11034
302,20171201,13672,13515,13348,9848,11079,11589,9462,11108
303,20171204,13597,13505,13395,9842,11135,11622,9436,11147
304,20171205,13628,13485,13457,9837,11090,11643,9430,11102
305,20171206,13433,13427,13419,9841,11074,11646,9459,11028
306,20171207,13593,13408,13263,9844,11079,11610,9422,11017
307,20171208,13725,13533,13266,9851,11133,11642,9401,11120
308,20171211,13798,13654,13399,9850,11168,11696,9453,11219
309,20171212,13812,13679,13452,9855,11163,11694,9435,11206
310,20171213,13779,13690,13418,9854,11120,11641,9502,11249
311,20171214,13758,13637,13417,9855,11116,11629,9533,11236
312,20171215,13646,13521,13412,9857,11064,11556,9507,11181
313,20171218,13832,13625,13445,9861,11086,11637,9483,11261
314,20171219,13811,13713,13564,9863,11083,11696,9452,11331
315,20171220,13856,13730,13621,9851,11092,11756,9444,11201
316,20171221,13867,13738,13655,9847,11099,11795,9435,11114
317,20171222,13916,13806,13758,9852,11115,11782,9409,11098
318,20171225,13938,13772,13786,9858,11098,11769,9435,11126
319,20171226,13900,13797,13816,9855,11126,11794,9424,11143
320,20171227,13938,13792,13837,9850,11131,11803,9518,11194
321,20171228,13856,13827,13928,9849,11179,11867,9485,11248
322,20171229,13845,13804,13946,9854,11140,11831,9464,11271
323,20180104,14197,13895,14281,9851,11127,12002,9476,11210
324,20180105,14323,14006,14428,9848,11175,12075,9494,11075
325,20180109,14390,14140,14625,9839,11169,12093,9605,11159
326,20180110,14411,14068,14510,9824,11045,11987,9611,10980
327,20180111,14380,13925,14371,9833,10949,11873,9644,10764
328,20180112,14291,13984,14412,9835,10967,11930,9645,10712
329,20180115,14348,14055,14506,9835,11005,11963,9749,10633
330,20180116,14428,14071,14521,9833,11035,11985,9750,10633
331,20180117,14401,13988,14556,9830,11020,11946,9844,10609
332,20180118,14295,14161,14797,9829,11063,12024,9945,10752
333,20180119,14393,14139,14879,9834,11051,12059,9908,10648
334,20180122,14409,14157,14890,9836,11014,12012,9944,10654
335,20180123,14555,14283,15036,9840,11053,12038,9978,10762
336,20180124,14479,14232,15043,9836,11007,11974,10058,10812
337,20180125,14352,14144,15158,9832,10973,12031,10021,10714
338,20180126,14312,14159,15169,9840,11001,12079,9974,10710
339,20180129,14321,14163,15183,9838,10891,11974,9923,10609
340,20180130,14151,14114,15124,9827,10877,11913,9898,10507
341,20180131,13988,13957,14880,9837,10864,11854,9956,10413
342,20180201,14245,14013,15033,9828,10917,11975,9923,10609
343,20180202,14199,14041,15066,9834,10967,12074,9911,10459
344,20180205,13890,13819,14931,9836,10938,12004,9830,10382
345,20180206,13279,13248,14534,9841,10827,11825,9481,10005
346,20180207,13327,13336,14350,9842,10891,11923,9501,9982
347,20180208,13449,13323,14209,9835,10813,11831,9660,9960
348,20180209,13190,12866,13917,9843,10738,11686,9497,9687
349,20180213,13075,13093,13814,9849,10744,11730,9475,9846
350,20180214,12969,13012,13791,9855,10674,11636,9389,9816
351,20180215,13095,13083,13947,9857,10607,11666,9403,9687
352,20180216,13234,13166,14123,9858,10579,11660,9495,9735
353,20180219,13521,13184,14101,9858,10571,11690,9640,9798
354,20180220,13425,13218,14148,9855,10598,11717,9700,9843
355,20180221,13418,13256,14147,9861,10635,11721,9680,9816
356,20180222,13301,13192,14313,9864,10591,11699,9625,9669
357,20180223,13410,13150,14234,9871,10574,11690,9749,9689
358,20180226,13522,13285,14385,9870,10579,11723,9854,9814
359,20180227,13640,13412,14481,9874,10601,11750,9851,9853
360,20180228,13472,13326,14386,9874,10584,11691,9760,9692
361,20180301,13257,13096,14101,9876,10513,11593,9650,9603
362,20180302,13015,12911,14004,9863,10530,11542,9608,9593
363,20180305,12912,12812,13819,9885,10467,11475,9502,9523
364,20180306,13076,13020,13876,9879,10536,11568,9564,9666
365,20180307,12981,13003,13927,9882,10494,11523,9604,9642
366,20180308,13027,13067,13883,9878,10552,11563,9594,9753
367,20180309,13068,13197,14000,9879,10587,11596,9517,9830
368,20180312,13265,13400,14169,9880,10603,11646,9500,9897
369,20180313,13340,13340,14244,9878,10569,11595,9520,9887
370,20180314,13280,13303,14262,9879,10633,11628,9586,9917
371,20180315,13283,13164,14091,9881,10583,11577,9693,9857
372,20180316,13229,13175,14045,9885,10579,11540,9728,9856
373,20180319,13103,13147,13949,9887,10528,11477,9615,9863
374,20180320,13075,13026,13898,9887,10585,11480,9643,9861
375,20180322,13159,12994,13933,9890,10539,11526,9682,9740
376,20180323,12683,12625,13702,9900,10498,11416,9614,9603
377,20180326,12732,12425,13551,9900,10525,11445,9545,9469
378,20180327,13080,12713,13717,9894,10614,11579,9611,9592
379,20180328,13066,12586,13735,9896,10608,11567,9649,9616
380,20180329,13100,12703,13721,9892,10711,11688,9709,9918
381,20180330,13195,12759,13733,9888,10652,11660,9709,9862
382,20180402,13136,12774,13756,9888,10675,11682,9714,9872
383,20180403,13098,12521,13658,9905,10622,11607,9737,9732
384,20180404,13117,12689,13746,9903,10670,11681,9753,9867
385,20180405,13259,12808,13649,9891,10705,11716,9771,9979
386,20180406,13219,12989,13780,9888,10698,11717,9677,10005
387,20180409,13269,12758,13725,9893,10698,11662,9735,9938
388,20180410,13315,12800,13569,9897,10707,11583,9820,9914
389,20180411,13263,13033,13752,9903,10749,11600,9758,9976
390,20180412,13212,12952,13767,9902,10754,11634,9820,9951
391,20180413,13295,13089,13851,9903,10764,11681,9742,9910
392,20180416,13347,13080,13791,9899,10780,11690,9678,9967
393,20180417,13299,13102,13614,9899,10756,11680,9706,9976
394,20180418,13451,13231,13636,9904,10774,11699,9801,10077
395,20180419,13455,13295,13853,9898,10785,11768,9820,10092
396,20180420,13461,13230,13950,9878,10724,11725,9835,9973
397,20180423,13458,13182,13825,9877,10715,11682,9873,9923
398,20180424,13604,13283,13805,9880,10751,11636,9912,9974
399,20180425,13589,13194,13859,9876,10774,11661,9912,10029
400,20180426,13623,13233,13766,9874,10794,11637,9924,10056
401,20180427,13665,13326,13776,9879,10779,11618,9957,10152
402,20180501,13643,13287,13960,9897,10788,11622,9960,10317
403,20180502,13622,13343,13970,9892,10782,11597,9911,10425
404,20180507,13635,13275,13546,9892,10683,11396,9985,10378
405,20180508,13686,13320,13528,9886,10675,11333,10045,10445
406,20180509,13633,13351,13606,9887,10653,11244,9942,10427
407,20180510,13670,13540,13762,9886,10705,11289,10010,10559
408,20180511,13805,13596,13879,9888,10698,11396,10033,10577
409,20180514,13890,13614,13920,9884,10704,11375,10025,10547
410,20180515,13884,13678,14051,9878,10717,11354,9958,10515
411,20180516,13848,13657,13939,9876,10689,11268,9911,10401
412,20180517,13909,13698,14002,9872,10677,11289,10018,10366
413,20180518,13963,13787,13891,9872,10713,11257,10056,10377
414,20180521,13951,13759,13840,9875,10716,11166,10078,10398
415,20180522,13918,13846,13856,9879,10717,11211,10086,10494
416,20180523,13825,13807,13901,9885,10704,11218,10074,10504
417,20180524,13657,13620,13552,9885,10581,11107,10063,10476
418,20180525,13627,13573,13497,9890,10601,11095,10057,10464
419,20180528,13617,13532,13471,9891,10602,11098,10025,10491
420,20180529,13551,13471,13354,9899,10538,11060,10055,10464
421,20180530,13354,13192,13137,9906,10438,10900,10060,10370
422,20180531,13441,13388,13098,9900,10501,11003,10019,10535
423,20180601,13455,13347,13197,9894,10563,11012,9955,10539
424,20180604,13651,13564,13351,9887,10613,11069,10027,10640
425,20180605,13652,13660,13572,9889,10642,11124,10061,10777
426,20180606,13673,13654,13453,9886,10642,11043,10039,10739
427,20180607,13761,13801,13540,9889,10647,11093,10067,10817
428,20180608,13702,13760,13472,9893,10620,11016,10032,10774
429,20180611,13744,13713,13319,9891,10571,11002,10041,10742
430,20180612,13789,13860,13401,9886,10643,11044,10065,10805
431,20180613,13848,13887,13421,9888,10653,11010,10052,10853
432,20180614,13719,13842,13331,9895,10667,10985,10063,10708
433,20180615,13759,13877,13226,9900,10625,10875,10073,10778
434,20180618,13622,13828,13165,9901,10646,10885,10078,10769
435,20180619,13410,13744,12996,9905,10624,10803,10061,10726
436,20180620,13479,13645,12790,9901,10607,10765,10051,10677
437,20180621,13461,13723,12940,9901,10631,10827,10124,10825
438,20180622,13419,13596,12745,9904,10610,10754,10176,10825
439,20180625,13290,13622,12776,9903,10592,10798,10118,10872
440,20180626,13312,13411,12656,9899,10602,10792,10332,10840
441,20180627,13331,13461,12628,9899,10599,10801,10265,10869
442,20180628,13297,13393,12469,9903,10601,10978,10208,10832
443,20180629,13326,13492,12535,9903,10654,10768,10227,10952
444,20180702,13052,13603,12823,9908,10747,10855,10191,11023
445,20180703,13032,13595,12753,9907,10742,10789,10244,10954
446,20180704,13037,13524,12677,9912,10722,10794,10229,10998
447,20180705,12905,13526,12687,9919,10720,10799,10253,11011
448,20180706,13023,13670,12731,9919,10760,10891,10256,11129
449,20180709,13179,13758,12777,9922,10775,10954,10301,11174
450,20180710,13212,13942,13029,9917,10823,11027,10244,11183
451,20180711,13101,13958,13071,9914,10787,11055,10253,11167
452,20180712,13163,13975,13022,9917,10886,11054,10264,11237
453,20180713,13319,14167,13191,9917,10949,11156,10259,11335
454,20180717,13434,14133,13140,9919,10938,11167,10305,11241
455,20180718,13482,14227,13222,9914,10976,11207,10318,11207
456,20180719,13469,14238,13189,9918,10944,11178,10286,11167
457,20180720,13434,14171,13082,9919,10934,11075,10328,11238
458,20180723,13385,13987,13084,9864,10793,10997,10213,11030
459,20180724,13447,14011,13156,9853,10765,11006,10176,11033
460,20180725,13497,14094,13328,9871,10784,11039,10201,11002
461,20180726,13592,14114,13405,9854,10759,11072,10180,11017
462,20180727,13671,14132,13387,9848,10734,11051,10232,11050
463,20180730,13610,14087,13462,9835,10743,11082,10151,10968
464,20180731,13497,14024,13498,9884,10732,11107,10277,10991
465,20180801,13624,14186,13594,9829,10819,11161,10208,11219
466,20180802,13488,14132,13556,9826,10766,11132,10259,11239
467,20180803,13413,14135,13368,9826,10735,11052,10283,11201
468,20180806,13340,14121,13403,9830,10694,11039,10248,11245
469,20180807,13441,14163,13370,9830,10712,10993,10231,11253
470,20180808,13430,14235,13490,9823,10728,11035,10216,11265
471,20180809,13396,14162,13383,9823,10675,10934,10185,11177
472,20180810,13241,14143,13328,9833,10655,10830,10168,11167
473,20180813,12958,13940,13020,9842,10580,10502,10105,11007
474,20180814,13170,13916,12887,9833,10587,10441,10136,11015
475,20180815,13070,14041,13041,9837,10619,10568,10182,11111
476,20180816,12986,13814,12702,9832,10551,10420,10223,11105
477,20180817,13066,13956,12728,9835,10587,10476,10134,11211
478,20180820,13024,13968,12704,9836,10587,10442,10221,11290
479,20180821,12973,13956,12730,9844,10587,10401,10202,11252
480,20180822,13072,14038,12810,9836,10637,10450,10221,11226
481,20180823,13070,14108,12972,9837,10685,10539,10189,11234
482,20180824,13155,14160,12962,9836,10735,10530,10229,11267
483,20180827,13306,14217,12968,9842,10745,10589,10193,11300
484,20180828,13327,14340,13187,9840,10760,10623,10233,11301
485,20180829,13392,14343,13201,9836,10736,10558,10272,11412
486,20180830,13388,14488,13316,9826,10797,10587,10262,11471
487,20180831,13359,14325,13029,9830,10724,10387,10242,11334
488,20180903,13243,14252,13044,9824,10684,10410,10213,11323
489,20180904,13227,14270,12961,9824,10695,10350,10224,11319
490,20180905,13125,14273,12907,9830,10717,10286,10207,11268
491,20180906,13028,14175,12731,9834,10712,10254,10231,11299
492,20180907,12965,14019,12703,9834,10652,10222,10195,11231
493,20180910,12990,14031,12752,9830,10647,10282,10154,11166
494,20180911,13076,14136,12687,9835,10721,10289,10208,11248
495,20180912,13019,14193,12625,9836,10717,10312,10242,11274
496,20180913,13162,14209,12641,9834,10727,10351,10224,11273
497,20180914,13305,14365,12856,9833,10820,10497,10241,11388
498,20180918,13546,14290,12860,9829,10772,10460,10269,11335
499,20180919,13744,14418,13000,9825,10807,10534,10272,11350
500,20180920,13759,14456,13171,9825,10798,10612,10254,11238
501,20180921,13886,14623,13263,9807,10876,10699,10231,11345
502,20180925,14027,14627,13337,9800,10885,10752,10291,11208
503,20180926,14134,14624,13366,9804,10869,10744,10375,11202
504,20180927,13966,14591,13443,9816,10885,10795,10390,11114
505,20180928,14098,14685,13602,9806,10900,10883,10403,11184
506,20181001,14104,14694,13652,9802,10918,10929,10354,11336
507,20181002,14150,14738,13657,9803,10892,10952,10382,11262
508,20181003,13985,14643,13533,9804,10844,10879,10341,11157
509,20181004,13972,14749,13654,9781,10856,10886,10307,11141
510,20181005,13905,14596,13369,9791,10817,10776,10246,10993
511,20181009,13661,14298,13174,9785,10671,10668,10358,11001
512,20181010,13682,14309,13249,9790,10700,10738,10342,11062
513,20181011,13202,13835,13005,9800,10631,10606,10341,10859
514,20181012,13204,13553,12675,9795,10672,10656,10243,10598
515,20181015,12995,13650,12880,9798,10637,10653,10199,10525
516,20181016,13091,13597,12824,9794,10641,10722,10296,10553
517,20181017,13293,13911,13074,9797,10702,10827,10358,10781
518,20181018,13221,13907,13063,9792,10691,10878,10364,10812
519,20181019,13129,13692,12826,9794,10626,10753,10309,10772
520,20181022,13148,13713,12862,9791,10653,10773,10332,10847
521,20181023,12801,13683,12989,9795,10669,10807,10277,10756
522,20181024,12812,13540,12754,9808,10664,10745,10278,10738
523,20181025,12417,13155,12565,9828,10599,10626,10223,10771
524,20181026,12379,13372,12652,9830,10630,10663,10244,10923
525,20181029,12327,13133,12549,9835,10626,10682,10272,10706
526,20181030,12496,13159,12488,9828,10665,10637,10281,10869
527,20181031,12765,13389,12688,9821,10701,10701,10242,11015
528,20181101,12655,13498,12794,9821,10643,10612,10301,10857
529,20181102,12863,13660,13008,9817,10700,10728,10295,10925
530,20181105,12719,13657,13241,9816,10710,10832,10322,10862
531,20181106,12868,13700,13256,9815,10726,10898,10356,10977
532,20181107,12815,13762,13228,9816,10735,10928,10412,11046
533,20181108,13037,14049,13391,9815,10765,11006,10440,11221
534,20181109,12973,14063,13309,9817,10758,10961,10349,11286
535,20181112,12965,13925,13092,9821,10746,10889,10477,11278
536,20181113,12704,13644,12940,9827,10677,10790,10454,11226
537,20181114,12727,13706,12945,9832,10748,10807,10475,11288
538,20181115,12709,13583,12928,9835,10730,10832,10526,11234
539,20181116,12634,13665,13062,9836,10737,10887,10483,11125
540,20181119,12699,13596,13065,9851,10694,10885,10534,11129
541,20181120,12607,13413,13065,9842,10701,10891,10530,11129
542,20181121,12531,13199,12911,9851,10687,10851,10506,11056
543,20181122,12633,13308,12950,9852,10721,10920,10533,11105
544,20181126,12658,13219,12811,9858,10717,10900,10594,11103
545,20181127,12751,13456,12857,9860,10755,10895,10648,11166
546,20181128,12825,13491,12980,9848,10761,10922,10709,11223
547,20181129,12869,13718,13177,9863,10787,10959,10606,11314
548,20181130,12932,13698,13197,9860,10796,11022,10683,11273
549,20181203,13099,13773,13191,9864,10800,11039,10670,11328
550,20181204,12790,13931,13431,9881,10817,11067,10683,11387
551,20181205,12722,13493,13269,9875,10776,10945,10682,11171
552,20181206,12490,13455,13176,9884,10786,10937,10671,11172
553,20181207,12567,13324,12935,9874,10806,10897,10721,11374
554,20181210,12328,13102,12853,9889,10796,10899,10561,11278
555,20181211,12217,13105,12674,9886,10840,10875,10536,11221
556,20181212,12459,13185,12750,9882,10858,10923,10566,11279
557,20181213,12537,13295,12912,9880,10859,10973,10607,11149
558,20181214,12347,13313,13017,9895,10873,10978,10692,11204
559,20181217,12363,13079,12856,9899,10849,10920,10696,11168
560,20181218,12117,12786,12729,9908,10809,10897,10614,10790
561,20181219,12067,12731,12644,9904,10814,10882,10568,10827
562,20181220,11765,12614,12637,9917,10842,10914,10454,10735
563,20181221,11540,12302,12485,9902,10756,10842,10338,10513
564,20181225,10976,11728,12195,9927,10620,10676,10234,9950
565,20181226,11119,11795,12228,9920,10682,10721,10385,10007
566,20181227,11663,12226,12319,9914,10695,10772,10434,10291
567,20181228,11606,12268,12332,9932,10726,10810,10484,10272
568,20190104,11427,11808,12108,9970,10451,10607,10347,9859
569,20190107,11748,12285,12418,9951,10512,10812,10475,10074
570,20190108,11794,12396,12538,9938,10554,10885,10481,10179
571,20190109,11923,12498,12561,9926,10521,10838,10564,10373
572,20190110,11821,12537,12709,9934,10522,10851,10602,10344
573,20190111,11881,12611,12757,9943,10530,10885,10693,10475
574,20190115,11982,12534,12709,9943,10534,10899,10558,10483
575,20190116,11943,12639,12803,9950,10517,10886,10636,10567
576,20190117,11985,12730,12917,9950,10559,10988,10680,10691
577,20190118,12097,12853,12961,9947,10596,10989,10714,10773
578,20190121,12165,13049,13080,9949,10597,11010,10726,10829
579,20190122,12088,13048,13096,9956,10597,10978,10722,10820
580,20190123,12015,12874,12973,9958,10598,10926,10639,10779
581,20190124,12059,12902,13072,9959,10619,11008,10697,10816
582,20190125,12164,12938,13163,9966,10646,11033,10806,10844
583,20190128,12082,13023,13225,9969,10648,11062,10854,10968
584,20190129,12094,12904,13111,9966,10632,11022,10960,11045
585,20190130,12045,12942,13166,9964,10668,11071,10887,11174
586,20190131,12176,13066,13248,9969,10658,11101,10968,11227
587,20190201,12153,13141,13382,9997,10670,11203,10981,11270
588,20190204,12282,13233,13445,9988,10703,11272,10999,11252
589,20190205,12295,13352,13481,9991,10724,11308,10978,11384
590,20190206,12289,13428,13522,9991,10702,11300,10947,11409
591,20190207,12188,13399,13394,9980,10684,11270,10904,11362
592,20190208,11956,13251,13301,10001,10681,11222,10873,11435
593,20190212,12215,13342,13288,9986,10720,11211,10876,11531
594,20190213,12345,13495,13421,9979,10736,11251,10900,11454
595,20190214,12349,13578,13394,9984,10747,11205,10906,11517
596,20190215,12251,13492,13365,9996,10721,11166,10870,11456
597,20190218,12442,13660,13328,9997,10743,11212,10838,11534
598,20190219,12478,13666,13365,10002,10741,11208,10929,11543
599,20190220,12532,13725,13421,10005,10799,11267,10940,11586
600,20190221,12532,13762,13510,10011,10786,11269,10931,11507
601,20190222,12501,13726,13540,10008,10772,11243,10980,11527
602,20190225,12589,13810,13655,10004,10802,11292,11017,11604
603,20190226,12564,13867,13757,9993,10829,11327,11056,11567
604,20190227,12589,13820,13678,9990,10819,11314,11049,11510
605,20190228,12490,13847,13652,9988,10805,11343,11021,11490
606,20190301,12552,13901,13613,9976,10853,11370,10968,11572
607,20190304,12645,14040,13652,9965,10883,11376,11021,11592
608,20190305,12580,13983,13643,9962,10871,11349,11058,11618
609,20190306,12549,13945,13649,9972,10842,11339,11012,11629
610,20190307,12443,13874,13598,9978,10868,11293,10998,11570
611,20190308,12216,13740,13456,10001,10846,11194,10926,11532
612,20190311,12286,13616,13261,10002,10802,11152,11027,11472
613,20190312,12473,13864,13494,9998,10874,11245,11046,11656
614,20190313,12368,13874,13579,10011,10870,11255,11057,11686
615,20190314,12338,13978,13598,10011,10890,11272,11148,11738
616,20190315,12451,14067,13643,10007,10935,11302,11178,11836
617,20190318,12536,14103,13720,10006,10926,11331,11215,11761
618,20190319,12509,14132,13856,10016,10918,11343,11285,11689
619,20190320,12542,14185,13910,10009,10942,11381,11304,11687
620,20190322,12563,14125,13729,10040,10911,11380,11302,11775
621,20190325,12255,13761,13392,10054,10849,11151,11249,11630
622,20190326,12569,13782,13323,10031,10904,11233,11313,11676
623,20190327,12638,13905,13405,10033,10910,11226,11529,11819
624,20190328,12429,13829,13241,10063,10911,11094,11455,11766
625,20190329,12499,13940,13377,10057,10948,11149,11378,11910
626,20190401,12687,14044,13506,10042,10949,11174,11253,11887
627,20190402,12655,14243,13770,10032,10940,11309,11258,11942
628,20190403,12734,14279,13760,10034,10968,11299,11238,12012
629,20190404,12721,14347,13828,10027,10956,11317,11220,12029
630,20190405,12765,14382,13916,10017,10974,11351,11214,12019
631,20190408,12721,14388,13923,10033,10941,11332,11224,11995
632,20190409,12710,14408,13985,10030,10954,11352,11180,11944
633,20190410,12624,14303,13985,10039,10943,11330,11163,11850
634,20190411,12614,14343,14001,10045,10960,11390,11173,11978
635,20190412,12606,14432,13915,10039,11014,11404,11183,12044
636,20190415,12783,14550,13940,10020,11011,11449,11171,12119
637,20190416,12770,14549,13932,10016,11005,11431,11217,12072
638,20190417,12804,14578,14074,10000,10992,11419,11173,11872
639,20190418,12681,14547,14077,10015,10981,11422,11219,11741
640,20190419,12696,14549,14055,10005,10978,11402,11217,11811
641,20190422,12709,14548,14048,10007,10981,11409,11287,11809
642,20190423,12743,14539,13973,10014,10961,11379,11305,11673
643,20190424,12657,14646,14003,10021,10945,11353,11321,11783
644,20190425,12724,14638,13914,10010,10980,11280,11351,11930
645,20190426,12705,14561,13799,10024,10916,11195,11293,11871
646,20190507,12564,14435,13486,10034,10868,11075,11306,11870
647,20190508,12347,14156,13342,10039,10838,10971,11273,11659
648,20190509,12177,14119,13251,10035,10813,10976,11238,11599
649,20190510,12168,14026,12993,10033,10811,10953,11292,11619
650,20190513,12104,14064,13022,10030,10805,11000,11301,11707
651,20190514,12055,13741,12797,10034,10790,10907,11314,11665
652,20190515,12127,13866,12845,10035,10790,10959,11392,11714
653,20190516,12077,13932,12812,10047,10799,10974,11443,11752
654,20190517,12209,14120,12838,10039,10827,10975,11493,11864
655,20190520,12213,14071,12733,10027,10849,10964,11663,11862
656,20190521,12177,13984,12782,10032,10834,10969,11604,11755
657,20190522,12145,14128,12893,10040,10857,11020,11553,11889
658,20190523,12100,14061,12851,10047,10843,10981,11653,11847
659,20190524,12104,13826,12634,10055,10845,10925,11640,11794
660,20190527,12151,13846,12665,10052,10839,10960,11593,11823
661,20190528,12181,13860,12682,10062,10839,10969,11548,11828
662,20190529,12067,13731,12609,10080,10813,10915,11672,11682
663,20190530,12033,13644,12713,10068,10856,10975,11640,11579
664,20190531,11877,13637,12777,10086,10827,10913,11485,11542
665,20190603,11773,13380,12717,10080,10790,10883,11390,11488
666,20190604,11774,13331,12799,10094,10808,10912,11404,11483
667,20190605,12017,13584,12783,10119,10827,10976,11375,11475
668,20190606,11977,13698,12766,10118,10844,10977,11459,11686
669,20190607,12035,13791,12778,10115,10888,11015,11539,11732
670,20190610,12197,13942,12836,10133,10951,11082,11504,11784
671,20190611,12262,13999,12968,10125,10911,11119,11538,11761
672,20190612,12207,14038,13134,10131,10937,11207,11569,11800
673,20190613,12107,13980,13020,10123,10903,11185,11582,11785
674,20190614,12147,14012,13003,10130,10910,11181,11641,11842
675,20190617,12093,13989,12932,10130,10916,11194,11616,11847
676,20190618,12006,13989,12895,10135,10902,11176,11627,11922
677,20190619,12215,14138,13062,10150,10943,11238,11636,11918
678,20190620,12251,14110,13169,10183,10899,11239,11719,11899
679,20190621,12141,14184,13289,10171,10903,11316,11658,11902
680,20190624,12155,14180,13274,10154,10905,11327,11617,11795
681,20190625,12122,14142,13286,10154,10923,11327,11720,11724
682,20190626,12067,14033,13171,10140,10925,11309,11711,11638
683,20190627,12216,14067,13271,10128,10947,11375,11639,11481
684,20190628,12200,14126,13363,10145,10967,11403,11653,11571
685,20190701,12465,14261,13414,10131,11019,11479,11732,11684
686,20190702,12504,14371,13562,10128,11020,11508,11801,11695
687,20190703,12422,14320,13461,10154,10973,11441,11837,11768
688,20190704,12503,14447,13469,10157,11027,11501,11897,11943
689,20190705,12525,14464,13553,10164,11035,11545,11941,11974
690,20190708,12413,14489,13548,10149,11014,11541,11851,12013
691,20190709,12385,14464,13512,10150,11051,11570,11955,12055
692,20190710,12358,14479,13454,10129,11042,11563,11997,12098
693,20190711,12416,14434,13479,10141,10977,11545,12069,12061
694,20190712,12397,14496,13554,10116,10974,11611,11998,11980
695,20190716,12337,14481,13471,10121,10939,11578,12104,11885
696,20190717,12327,14487,13531,10125,10943,11574,12129,11896
697,20190718,12066,14358,13424,10136,10938,11533,12072,11821
698,20190719,12298,14360,13402,10134,10948,11581,12105,11818
699,20190722,12239,14346,13456,10134,10965,11625,12074,11700
700,20190723,12338,14380,13421,10141,10972,11649,12046,11659
701,20190724,12387,14487,13429,10147,10959,11610,12069,11792
702,20190725,12409,14537,13411,10152,10979,11632,12049,11806
703,20190726,12359,14529,13414,10150,11012,11665,12129,11808
704,20190729,12335,14568,13336,10143,10972,11605,12080,11786
705,20190730,12392,14609,13369,10149,11024,11631,12118,11864
706,20190731,12310,14507,13284,10156,10997,11598,12158,11857
707,20190801,12327,14442,13242,10136,11036,11616,12129,11817
708,20190802,12060,14099,12841,10171,10896,11317,12163,11578
709,20190805,11843,13844,12506,10201,10856,11197,12151,11551
710,20190806,11791,13430,12091,10187,10896,11048,12209,11295
711,20190807,11796,13556,12194,10209,10931,11145,12175,11374
712,20190808,11786,13569,12154,10214,10974,11154,12197,11470
713,20190809,11828,13806,12299,10246,10921,11236,12224,11625
714,20190813,11691,13506,12036,10269,10881,11085,12278,11494
715,20190814,11792,13774,12118,10252,10973,11233,12286,11598
716,20190815,11670,13380,11900,10278,10980,11093,12382,11427
717,20190816,11681,13389,11920,10264,11041,11138,12512,11511
718,20190819,11753,13608,12008,10254,11046,11201,12541,11654
719,20190820,11851,13793,12064,10260,11014,11130,12576,11771
720,20190821,11777,13668,12061,10269,11025,11123,12537,11667
721,20190822,11782,13815,12181,10266,11038,11193,12542,11723
722,20190823,11815,13797,12065,10255,11014,11160,12559,11773
723,20190826,11624,13331,11810,10296,10905,10953,12548,11486
724,20190827,11716,13515,11807,10286,10964,11034,12490,11623
725,20190828,11721,13488,11796,10287,11000,10989,12594,11586
726,20190829,11723,13580,11864,10305,11058,11006,12618,11649
727,20190830,11893,13786,12009,10294,11068,11050,12612,11768
728,20190902,11840,13761,12136,10288,11006,11025,12591,11756
729,20190903,11884,13782,12123,10302,11008,11029,12569,11761
730,20190904,11853,13664,11987,10310,11015,11055,12680,11791
731,20190905,12071,13896,12297,10288,11084,11210,12735,11968
732,20190906,12091,14137,12496,10248,11068,11276,12835,11986
733,20190909,12201,14141,12571,10249,11089,11303,12955,11999
734,20190910,12256,14204,12654,10210,11098,11341,12855,12053
735,20190911,12458,14239,12697,10195,11077,11371,12741,12003
736,20190912,12548,14390,12890,10198,11104,11399,12686,12098
737,20190913,12664,14462,12979,10150,11134,11508,12861,12131
738,20190917,12700,14403,13046,10145,11074,11461,12782,12102
739,20190918,12638,14447,12939,10170,11102,11457,12765,12208
740,20190919,12710,14458,12949,10199,11135,11477,12830,12198
741,20190920,12714,14442,12790,10182,11117,11431,12929,12175
742,20190924,12767,14306,12762,10195,11113,11375,12909,12144
743,20190925,12744,14146,12629,10202,11095,11314,13048,12066
744,20190926,12768,14244,12645,10203,11086,11350,13115,12165
745,20190927,12739,14246,12697,10203,11101,11340,13221,12272
746,20190930,12609,14225,12655,10180,11120,11344,13202,12256
747,20191001,12731,14306,12661,10121,11127,11384,13123,12296
748,20191002,12676,14092,12568,10146,11103,11289,13172,12154
749,20191003,12458,13739,12402,10178,11048,11256,13213,12029
750,20191004,12489,13788,12423,10191,11077,11332,13352,12101
751,20191007,12489,13939,12449,10195,11082,11374,13385,12154
752,20191008,12599,13998,12453,10173,11116,11379,13513,12218
753,20191009,12560,13768,12401,10174,11094,11342,13623,12121
754,20191010,12557,13905,12443,10180,11095,11386,13496,12162
755,20191011,12669,14111,12609,10154,11147,11510,13489,12264
756,20191015,12866,14315,12872,10148,11152,11570,13467,12351
757,20191016,12955,14490,12920,10142,11180,11565,13609,12442
758,20191017,12897,14488,13003,10139,11206,11588,13575,12481
759,20191018,12879,14528,13049,10128,11225,11620,13528,12522
760,20191021,12932,14459,13034,10115,11219,11670,13666,12559
761,20191023,13007,14493,13145,10120,11182,11685,13667,12623
762,20191024,13052,14562,13195,10132,11224,11755,13601,12686
763,20191025,13089,14609,13249,10126,11224,11748,13598,12677
764,20191028,13089,14664,13280,10119,11195,11798,13595,12587
765,20191029,13202,14763,13369,10100,11183,11833,13657,12578
766,20191030,13229,14735,13364,10113,11184,11797,13599,12587
767,20191031,13238,14789,13359,10134,11226,11779,13635,12669
768,20191101,13234,14622,13198,10174,11197,11660,13693,12544
769,20191105,13455,14922,13619,10136,11204,11816,13707,12572
770,20191106,13456,14942,13722,10095,11174,11833,13539,12439
771,20191107,13486,14933,13663,10093,11176,11775,13559,12432
772,20191108,13523,15044,13808,10063,11149,11828,13210,12389
773,20191111,13531,15020,13623,10066,11104,11724,13168,12293
774,20191112,13578,15007,13469,10041,11104,11720,12910,12318
775,20191113,13502,14998,13417,10052,11075,11609,12795,12200
776,20191114,13375,14970,13264,10075,11089,11568,12875,12246
777,20191115,13472,14948,13196,10069,11106,11555,13035,12317
778,20191118,13504,15090,13297,10083,11141,11659,13141,12415
779,20191119,13472,15060,13289,10089,11127,11582,13294,12449
780,20191120,13429,15068,13389,10106,11141,11599,13535,12488
781,20191121,13415,14983,13337,10113,11139,11571,13527,12405
782,20191122,13431,14984,13319,10085,11142,11617,13428,12285
783,20191125,13523,15030,13367,10084,11150,11612,13406,12285
784,20191126,13545,15179,13436,10100,11175,11596,13491,12368
785,20191127,13587,15223,13361,10122,11204,11583,13575,12505
786,20191128,13563,15316,13440,10104,11213,11586,13563,12602
787,20191129,13494,15336,13446,10100,11230,11606,13509,12628
788,20191202,13614,15290,13310,10074,11245,11630,13445,12591
789,20191203,13552,15090,13260,10057,11162,11598,13328,12382
790,20191204,13525,14909,13138,10073,11180,11540,13293,12348
791,20191205,13590,15053,13212,10079,11186,11614,13272,12420
792,20191206,13606,15063,13272,10055,11166,11639,13288,12442
793,20191209,13675,15162,13309,10046,11114,11649,13245,12458
794,20191210,13664,15129,13347,10059,11138,11669,13236,12488
795,20191211,13617,15129,13342,10045,11157,11677,13140,12442
796,20191212,13600,15155,13437,10058,11181,11717,13130,12270
797,20191213,13816,15433,13738,10058,11262,11873,12944,12231
798,20191216,13792,15431,13887,10067,11271,11860,12849,12189
799,20191217,13873,15580,13922,10057,11257,11923,12850,12284
800,20191218,13804,15563,14065,10057,11259,11920,12830,12175
801,20191219,13785,15577,14187,10051,11239,11935,12901,12278
802,20191220,13761,15589,14132,10032,11201,11918,12838,12320
803,20191223,13731,15653,14129,10033,11185,11901,12887,12364
804,20191224,13722,15676,14187,10030,11186,11928,12940,12322
805,20191225,13668,15662,14155,10053,11181,11938,13040,12338
806,20191226,13746,15699,14190,10053,11211,11966,13143,12367
807,20191227,13781,15778,14243,10057,11230,11995,13129,12433
808,20191230,13687,15797,14334,10070,11280,12048,13111,12496
809,20200106,13496,15563,14242,10081,11161,11890,13144,12349
810,20200107,13716,15644,14161,10057,11201,11944,13089,12389
811,20200108,13528,15529,14054,10067,11106,11827,12943,12227
812,20200109,13749,15778,14210,10059,11210,12022,13014,12391
813,20200110,13796,15916,14389,10053,11232,12060,13034,12413
814,20200114,13839,16059,14590,10041,11305,12150,13054,12660
815,20200115,13764,16026,14535,10042,11298,12124,13014,12613
816,20200116,13746,16060,14458,10041,11335,12128,13102,12721
817,20200117,13798,16218,14528,10045,11360,12142,13183,12884
818,20200120,13868,16258,14621,10036,11316,12147,13255,12882
819,20200121,13794,16262,14566,10057,11323,12134,13216,12878
820,20200122,13868,16167,14268,10055,11321,12084,13327,12918
821,20200123,13759,16147,14326,10077,11315,12104,13351,12840
822,20200124,13759,16103,14191,10078,11325,12075,13404,12897
823,20200127,13538,15943,14083,10104,11284,12006,13352,12812
824,20200128,13455,15646,13780,10097,11314,11902,13371,12701
825,20200129,13517,15818,13870,10101,11316,11930,13426,12741
826,20200130,13317,15804,13729,10116,11334,11943,13484,12721
827,20200131,13393,15813,13443,10114,11368,11901,13573,12719
828,20200203,13299,15506,13164,10108,11357,11820,13440,12537
829,20200204,13392,15594,13198,10098,11339,11857,13450,12548
830,20200205,13534,15953,13545,10083,11388,11994,13517,12767
831,20200206,13813,16159,13702,10070,11378,12062,13486,12811
832,20200207,13774,16228,13792,10092,11375,12020,13564,12858
833,20200210,13672,16101,13607,10110,11368,11935,13538,12805
834,20200212,13667,16268,13753,10096,11377,12002,13624,12969
835,20200213,13621,16369,13875,10088,11354,12010,13650,13027
836,20200214,13539,16342,13799,10085,11352,11990,13678,13100
837,20200217,13421,16352,13786,10098,11357,12021,13662,13231
838,20200218,13245,16366,13801,10114,11355,11992,13730,13233
839,20200219,13294,16320,13668,10106,11363,11981,13737,13238
840,20200220,13314,16615,13966,10104,11504,12140,13785,13256
841,20200221,13309,16658,13909,10122,11604,12134,13746,13476
842,20200225,12868,15808,13313,10148,11575,11969,13593,13162
843,20200226,12770,15314,13162,10137,11548,11885,13394,12769
844,20200227,12470,15255,12987,10144,11549,11857,13156,12626
845,20200228,12015,14562,12680,10194,11500,11669,12418,11963
846,20200302,12131,14113,12182,10186,11399,11376,12388,11445
847,20200303,11967,14674,12418,10157,11482,11579,12488,11847
848,20200304,11950,14327,12393,10177,11477,11550,12673,11789
849,20200305,12058,14809,12514,10144,11499,11633,12967,12179
850,20200306,11706,14265,12263,10178,11419,11384,12575,11841
851,20200309,11047,13419,11381,10217,11142,10792,11774,11178
852,20200310,11190,12547,10646,10138,11375,10752,11723,10522
853,20200311,11019,13145,11091,10148,11387,10934,11747,10961
854,20200312,10561,12582,10788,10125,11310,10665,10981,10357
855,20200313,10029,11358,10011,10072,11203,10338,9828,9336
856,20200316,9835,12364,10484,10056,11252,10533,9533,10035
857,20200317,10086,11065,9659,10062,11235,10197,9423,8341
858,20200318,10110,11641,9817,10027,11108,10200,8655,8629
859,20200319,10213,11162,9306,9989,11020,9941,7055,7881
860,20200323,10280,11127,9658,10007,11335,9988,8026,7877
861,20200324,10610,10781,9170,10026,11497,9847,9053,7480
862,20200325,11334,11820,9719,10029,11516,10016,10093,8186
863,20200326,11133,12044,10057,10037,11521,10199,9738,8589
864,20200327,11612,12482,10071,10030,11478,10244,9493,8912
865,20200330,11556,11933,9730,10043,11430,10074,9697,8824
866,20200331,11297,12370,9754,10029,11515,10109,9844,8955
867,20200401,10875,12164,9873,10046,11368,10038,9247,8799
868,20200402,10706,11654,9651,10062,11341,9890,9051,8274
869,20200403,10669,11899,9866,10059,11362,9931,8867,8239
870,20200406,11081,11818,9860,10041,11440,9891,8761,8130
871,20200407,11302,12560,10143,10031,11419,10016,9512,8734
872,20200408,11471,12578,10358,10026,11364,10111,9625,8883
873,20200409,11410,12944,10393,10018,11414,10222,9557,9380
874,20200410,11511,13106,10479,10031,11428,10290,9551,9873
875,20200413,11320,13064,10448,10026,11395,10280,9558,9842
876,20200414,11542,12906,10370,10016,11327,10234,9573,9458
877,20200415,11547,13175,10424,10011,11297,10284,9500,9609
878,20200416,11449,12892,10240,10018,11348,10211,9577,9255
879,20200417,11612,12985,10204,10002,11392,10278,9727,9146
880,20200420,11532,13326,10369,10008,11372,10316,9822,9444
881,20200421,11400,13150,10294,10012,11338,10298,9512,9113
882,20200422,11327,12740,10051,10039,11343,10228,9442,8927
883,20200423,11480,12999,10145,10049,11289,10209,9742,9008
884,20200424,11442,13004,10186,10056,11295,10181,9571,8944
885,20200427,11651,13108,10062,10057,11329,10150,9790,8963
886,20200428,11668,13297,10207,10069,11296,10128,9676,9245
887,20200430,11784,13582,10547,10062,11293,10312,9752,9570
888,20200501,11521,13485,10574,10051,11401,10370,9679,9511
889,20200507,11484,13064,10144,10032,11130,10172,9733,8905
890,20200508,11738,13252,10151,10032,11221,10255,10241,9068
891,20200511,11919,13521,10364,10019,11278,10402,10394,9299
892,20200512,11886,13574,10426,10033,11264,10412,10168,9206
893,20200513,11871,13340,10312,10029,11274,10391,9926,8785
894,20200514,11642,13064,10254,10032,11258,10351,9817,8553
895,20200515,11702,13173,10218,10022,11321,10432,9607,8597
896,20200518,11747,13199,10168,10032,11277,10421,9689,8552
897,20200519,11961,13669,10398,10021,11308,10564,9854,9048
898,20200520,12029,13662,10537,10027,11407,10647,9961,9068
899,20200521,12002,13836,10606,10038,11415,10751,9986,9107
900,20200522,11894,13728,10625,10041,11420,10845,10018,9104
901,20200525,12090,13711,10365,10024,11391,10810,10173,9112
902,20200526,12351,13782,10442,10023,11412,10849,10295,9155
903,20200527,12469,13944,10574,10027,11390,10924,10372,9514
904,20200528,12696,14173,10666,10027,11472,10992,10369,9691
905,20200529,12584,14163,10627,10014,11456,10947,10551,9672
906,20200601,12625,14204,10690,10011,11532,11014,10370,9598
907,20200602,12776,14291,10885,10010,11510,11071,10555,9812
908,20200603,12869,14610,11236,10005,11668,11358,10760,10061
909,20200604,12908,14868,11463,9986,11628,11435,10562,10415
910,20200605,12976,14871,11461,9971,11696,11435,10664,10410
911,20200608,13124,15281,11759,9968,11692,11519,10873,10843
912,20200609,13104,15219,11727,9994,11571,11395,10905,10940
913,20200610,13074,15069,11653,9993,11570,11328,10922,10727
914,20200611,12787,14910,11521,10009,11532,11258,10595,10372
915,20200612,12639,14045,11159,9999,11498,11057,10645,9719
916,20200615,12318,14242,11185,10010,11537,11122,10143,10059
917,20200616,12822,14364,11043,9991,11599,11165,10593,10168
918,20200617,12773,14646,11199,9989,11548,11089,10672,10386
919,20200618,12739,14558,11177,9990,11485,11021,10672,10218
920,20200619,12738,14555,11179,9987,11491,10977,10445,10135
921,20200622,12707,14486,11244,9991,11458,10999,10451,9881
922,20200623,12772,14595,11260,9989,11549,11080,10489,9915
923,20200624,12718,14636,11317,9985,11507,11088,10580,9850
924,20200625,12568,14318,11217,9986,11551,11032,10428,9668
925,20200626,12693,14450,11243,9987,11555,11055,10603,9746
926,20200629,12486,14205,11138,9987,11582,11002,10325,9619
927,20200630,12563,14433,11200,9973,11636,11069,10366,9777
928,20200701,12399,14664,11184,9954,11675,11093,10383,9889
929,20200702,12433,14649,11217,9953,11586,11087,10565,10054
930,20200703,12510,14779,11477,9971,11612,11112,10522,10074
931,20200706,12710,14779,11570,9956,11636,11102,10493,10076
932,20200707,12666,14981,11951,9961,11631,11098,10534,10049
933,20200708,12549,14878,11845,9987,11663,11040,10499,9861
934,20200709,12549,14917,11948,9993,11667,11084,10482,9806
935,20200710,12372,14794,11906,9992,11642,11069,10354,9692
936,20200713,12675,14903,11764,9970,11629,11090,10388,9719
937,20200714,12612,14888,11800,9975,11654,11105,10370,9717
938,20200715,12809,15042,11760,9971,11721,11153,10414,9758
939,20200716,12724,15165,11727,9981,11679,11110,10319,9838
940,20200717,12682,15138,11670,9988,11711,11131,10339,9719
941,20200720,12707,15227,11732,9978,11740,11137,10311,9847
942,20200721,12754,15331,11815,9989,11757,11140,10306,9706
943,20200722,12675,15338,11927,9988,11766,11226,10392,9754
944,20200727,12705,14973,11579,9986,11740,11159,10448,9686
945,20200728,12644,15019,11683,9989,11741,11187,10421,9702
946,20200729,12480,14912,11644,9999,11710,11123,10471,9853
947,20200730,12405,15067,11693,9999,11726,11130,10402,10024
948,20200731,12056,14913,11539,10006,11750,11074,10392,9964
949,20200803,12269,15138,11611,9993,11860,11165,10368,10104
950,20200804,12533,15286,11581,9998,11845,11150,10531,9993
951,20200805,12528,15281,11642,10005,11851,11099,10583,10108
952,20200806,12489,15380,11736,9998,11852,11129,10463,10098
953,20200807,12463,15432,11736,10001,11877,11104,10435,10106
954,20200811,12777,15516,11669,9984,11853,11055,10459,10300
955,20200812,12936,15543,11803,9968,11846,11131,10465,10246
956,20200813,13085,15796,11852,9972,11879,11143,10546,10331
957,20200814,13080,15803,11913,9956,11873,11187,10513,10236
958,20200817,12970,15705,11860,9960,11848,11164,10545,10194
959,20200818,12978,15677,11830,9965,11814,11013,10667,10205
960,20200819,13001,15615,11813,9972,11787,10999,10551,10084
961,20200820,12884,15687,11832,9965,11832,11069,10586,9985
962,20200821,12923,15646,11619,9960,11827,11033,10830,10080
963,20200824,12947,15668,11673,9972,11798,10995,10825,10090
964,20200825,13094,15865,11800,9974,11819,11036,10897,10193
965,20200826,13087,15980,11886,9963,11839,11104,10856,10259
966,20200827,13018,16059,11815,9964,11777,11025,10900,10143
967,20200828,12932,16159,11834,9947,11818,11080,10914,10317
968,20200831,13040,16054,11763,9959,11735,11088,10977,10270
969,20200901,13020,16111,11578,9961,11815,11120,10779,10247
970,20200902,13081,16209,11736,9961,11834,11203,10834,10231
971,20200903,13144,16447,11700,9968,11871,11161,10990,10419
972,20200904,13026,15950,11645,9963,11887,11156,10919,10333
973,20200907,12971,15816,11634,9958,11847,11182,10734,10286
974,20200908,13061,15855,11602,9966,11812,11154,10763,10282
975,20200909,12935,15415,11522,9975,11780,11059,10725,10132
976,20200910,13093,15756,11602,9974,11804,11181,10729,10222
977,20200911,13188,15533,11553,9985,11795,11142,10643,10100
978,20200914,13305,15544,11591,9987,11832,11163,10661,10040
979,20200915,13222,15658,11646,9989,11806,11158,10786,10220
980,20200916,13250,15696,11681,9987,11752,11136,10923,10265
981,20200917,13202,15592,11674,9991,11696,11132,10927,10294
982,20200918,13267,15457,11597,9991,11723,11123,10640,10159
983,20200923,13249,15195,11282,9995,11668,10930,10626,9719
984,20200924,13105,14980,11184,9992,11682,10834,10729,9518
985,20200925,13167,14990,11061,9990,11702,10863,10897,9546
986,20200928,13390,15141,11010,9977,11667,10785,10973,9678
987,20200929,13471,15408,11110,9983,11695,10753,10990,9915
988,20200930,13205,15423,11098,9986,11788,10827,10867,9853
989,20201001,13206,15455,11188,9982,11732,10865,10867,9858
990,20201002,13072,15549,11213,9988,11741,10913,10811,10063
991,20201005,13300,15444,11175,9981,11744,10897,10962,10216
992,20201006,13369,15723,11264,9968,11748,10975,11038,10300
993,20201007,13375,15547,11333,9970,11719,10920,10965,10264
994,20201008,13448,15825,11411,9973,11766,10985,10941,10305
995,20201009,13382,15939,11515,9972,11777,11001,10882,10453
996,20201012,13349,16033,11528,9973,11785,11042,10848,10387
997,20201013,13397,16192,11616,9970,11752,10991,10894,10399
998,20201014,13354,16106,11602,9971,11759,10980,10821,10258
999,20201015,13255,16000,11554,9979,11753,10950,10756,10127
1000,20201016,13141,15911,11429,9983,11745,10912,10633,10163
1001,20201019,13305,15958,11496,9981,11763,10962,10683,10053
1002,20201020,13206,15806,11593,9989,11790,10996,10565,9954
1003,20201021,13303,15833,11608,9978,11776,11022,10577,10005
1004,20201022,13159,15649,11598,9978,11685,10961,10572,9922
1005,20201023,13202,15703,11661,9970,11640,10966,10619,9974
1006,20201026,13151,15777,11717,9974,11670,10975,10452,10023
1007,20201027,13140,15511,11652,9978,11687,10966,10454,9886
1008,20201028,13099,15380,11498,9981,11660,10892,10361,9680
1009,20201029,13087,14861,11251,9981,11631,10812,10476,9441
1010,20201030,12830,14988,11242,9969,11611,10800,10317,9528
1011,20201102,13063,14845,11124,9970,11598,10811,10361,9494
1012,20201104,13220,15324,11372,9973,11619,10877,10523,9929
1013,20201105,13404,15610,11478,9993,11646,10932,10730,9917
1014,20201106,13474,15836,11689,9990,11630,11016,10671,9944
1015,20201109,13666,15803,11774,9990,11602,11114,10775,9842
1016,20201110,13819,16317,12239,9974,11684,11374,10802,10460
1017,20201111,14050,16332,12320,9970,11673,11349,10947,10708
1018,20201112,14025,16513,12506,9975,11688,11366,10826,10774
1019,20201113,13840,16296,12344,9978,11694,11290,10699,10580
1020,20201116,14071,16420,12318,9980,11694,11292,10638,10766
1021,20201117,14095,16585,12425,9981,11684,11315,10685,10934
1022,20201118,13981,16479,12447,9992,11657,11291,10629,10898
1023,20201119,14029,16336,12491,9992,11621,11271,10585,10668
1024,20201120,14037,16380,12439,9998,11654,11304,10598,10684
1025,20201124,14322,16503,12629,9988,11728,11335,10636,10753
1026,20201125,14365,16745,12717,9990,11740,11380,10620,10843
1027,20201126,14450,16726,12722,9984,11736,11402,10669,10819
1028,20201127,14517,16685,12771,9979,11716,11375,10736,10789
1029,20201130,14261,16714,12766,9981,11728,11352,10676,10705
1030,20201201,14369,16664,12542,9986,11747,11334,10774,10613
1031,20201202,14415,16875,12862,9985,11757,11472,10686,10767
1032,20201203,14426,16927,12927,9986,11783,11491,10674,10723
1033,20201204,14431,16848,12907,9982,11760,11479,10753,10766
1034,20201207,14308,17022,13049,9985,11759,11543,10644,10951
1035,20201208,14292,17003,13035,9995,11777,11539,10769,10856
1036,20201209,14460,17067,13032,9997,11814,11602,10747,10826
1037,20201210,14433,16969,13047,9999,11806,11599,10713,10787
1038,20201211,14480,16944,13067,9998,11821,11614,10815,10717
1039,20201214,14550,16897,13095,9993,11839,11619,10853,10703
1040,20201215,14482,16892,13056,9999,11857,11624,10834,10698
1041,20201216,14521,16994,13040,9994,11801,11630,10936,10866
1042,20201217,14567,17013,13119,9995,11773,11635,10960,10861
1043,20201218,14573,17107,13178,9996,11787,11678,10849,10941
1044,20201221,14537,17068,13164,9991,11768,11655,10799,10704
1045,20201222,14311,16935,12931,9997,11776,11607,10847,10610
1046,20201223,14345,16991,12918,10001,11795,11590,10916,10712
1047,20201224,14418,17042,13004,9994,11776,11611,10973,10714
1048,20201225,14452,17058,13013,9986,11761,11592,10943,10782
1049,20201228,14530,17085,13047,9985,11788,11622,11130,10798
1050,20201229,14800,17240,13163,9982,11831,11663,11244,10880
1051,20201230,14683,17194,13216,9980,11823,11655,11315,10814
1052,20210104,14600,17182,13268,9978,11790,11644,11140,10866
1053,20210105,14572,17052,13342,9989,11801,11660,11262,10582
1054,20210106,14612,17094,13364,9981,11762,11600,11103,10564
1055,20210107,14858,17263,13487,9973,11759,11645,11281,10656
1056,20210108,15091,17618,13706,9971,11802,11617,11314,10675
1057,20210112,15115,17637,13924,9973,11773,11533,11304,10622
1058,20210113,15167,17583,14026,9980,11717,11588,11184,10598
1059,20210114,15239,17642,14140,9976,11776,11591,11198,10741
1060,20210115,15104,17604,14235,9975,11755,11634,11125,10826
1061,20210118,15013,17442,14102,9961,11711,11554,11225,10885
1062,20210119,15097,17436,14119,9961,11700,11569,11328,10878
1063,20210120,15046,17593,14319,9962,11760,11607,11354,10867
1064,20210121,15136,17742,14353,9973,11711,11610,11356,11005
1065,20210122,15103,17746,14338,9962,11700,11588,11444,10924
1066,20210125,15147,17733,14101,9963,11733,11530,11410,10971
1067,20210126,15032,17726,14140,9970,11748,11498,11367,10988
1068,20210127,15131,17701,14019,9965,11753,11525,11556,11071
1069,20210128,14959,17368,13938,9967,11781,11530,11610,10997
1070,20210129,14715,17546,13862,9954,11806,11582,11751,11068
1071,20210201,14886,17263,13626,9946,11819,11624,11686,10982
1072,20210202,15026,17542,13892,9946,11807,11660,11576,11154
1073,20210203,15223,17808,14153,9950,11791,11727,11689,11213
1074,20210204,15174,17827,14218,9953,11777,11726,11741,11221
1075,20210205,15385,18064,14302,9955,11790,11725,11784,11298
1076,20210208,15654,18159,14438,9945,11811,11800,11974,11365
1077,20210209,15666,18226,14469,9941,11788,11746,11965,11358
1078,20210210,15709,18140,14499,9940,11759,11717,12079,11337
1079,20210212,15734,18209,14635,9948,11784,11771,12256,11439
1080,20210215,15897,18368,14714,9936,11795,11820,12358,11475
1081,20210216,15989,18496,14820,9937,11823,11877,12688,11534
1082,20210217,15959,18582,14979,9920,11823,11859,12390,11535
1083,20210218,15800,18453,15025,9926,11767,11779,12220,11464
1084,20210219,15695,18374,14901,9918,11765,11758,12338,11393
1085,20210222,15771,18359,14898,9904,11734,11685,12406,11421
1086,20210224,15485,18208,14808,9898,11717,11640,12624,11644
1087,20210225,15677,18477,14756,9881,11764,11731,12707,11810
1088,20210226,15174,18142,14801,9871,11698,11561,12352,11648
1089,20210301,15482,18030,14418,9888,11734,11544,12342,11498
1090,20210302,15421,18481,14658,9908,11795,11589,12324,11626
1091,20210303,15499,18373,14662,9923,11821,11578,12314,11559
1092,20210304,15339,18199,14920,9903,11779,11549,12279,11555
1093,20210305,15432,18112,14829,9940,11821,11573,12146,11561
1094,20210308,15412,18402,14919,9922,11849,11561,12138,11693
1095,20210309,15607,18481,14803,9907,11874,11474,12013,11881
1096,20210310,15625,18664,14856,9912,11874,11506,12111,11867
1097,20210311,15667,18754,14951,9934,11895,11585,12250,11951
1098,20210312,15880,18994,15272,9926,11951,11690,12422,12041
1099,20210315,16022,19065,15249,9926,11920,11671,12454,12265
1100,20210316,16127,19194,15320,9937,11949,11688,12699,12420
1101,20210317,16148,19173,15318,9939,11923,11661,12712,12383
1102,20210318,16347,19206,15255,9935,11915,11686,12785,12371
1103,20210319,16376,18978,15201,9923,11854,11628,12661,12261
1104,20210322,16198,18903,15022,9955,11836,11587,12624,12083
1105,20210323,16046,19018,15067,9960,11878,11591,12654,12122
1106,20210324,15697,18818,14849,9968,11833,11474,12617,12057
1107,20210325,15917,18754,14664,9956,11860,11436,12586,12074
1108,20210326,16149,18888,14658,9953,11905,11464,12818,12200
1109,20210329,16222,19207,14841,9963,11917,11491,12788,12417
1110,20210330,16237,19226,14998,9952,11902,11488,12916,12371
1111,20210331,16041,19352,15172,9938,11953,11531,12906,12511
1112,20210401,16071,19432,15182,9921,11972,11642,12782,12426
1113,20210402,16185,19627,15157,9924,12014,11643,12852,12621
1114,20210405,16283,19619,15144,9925,12008,11627,12984,12615
1115,20210406,16043,19774,15125,9937,11989,11638,12900,12601
1116,20210407,16151,19734,15073,9950,11969,11652,13045,12606
1117,20210408,16023,19745,15030,9945,11964,11651,13091,12637
1118,20210409,16085,19788,15029,9940,11948,11685,13181,12570
1119,20210412,16046,19966,14935,9938,11961,11668,13108,12600
1120,20210413,16077,19912,14833,9944,11934,11619,13066,12599
1121,20210414,16025,19868,14805,9958,11888,11584,13175,12623
1122,20210415,16082,19846,14983,9957,11901,11646,13048,12587
1123,20210416,16097,19996,14984,9957,11923,11673,13226,12729
1124,20210419,16061,20069,15104,9960,11894,11694,13119,12755
1125,20210420,15811,19923,15045,9963,11873,11675,13063,12753
1126,20210421,15499,19709,14967,9975,11870,11630,13036,12815
1127,20210422,15781,19873,14911,9976,11872,11636,13094,12856
1128,20210423,15719,19751,14949,9974,11852,11623,13149,12801
1129,20210426,15745,19933,15017,9969,11876,11649,13166,12832
1130,20210427,15626,20029,15092,9966,11897,11655,13161,12927
1131,20210428,15671,20159,15176,9954,11960,11709,13212,13015
1132,20210430,15585,20256,15351,9955,11947,11760,13253,13095
1133,20210506,15825,20119,15161,9959,11967,11731,13295,12895
1134,20210507,15874,20214,15294,9961,11983,11822,13211,12993
1135,20210510,16030,20349,15466,9962,11984,11877,13207,13114
1136,20210511,15652,20222,15517,9970,11984,11897,13299,13163
1137,20210512,15421,19981,15337,9968,11929,11867,13200,12962
1138,20210513,15187,19793,15202,9950,11945,11874,12979,12775
1139,20210514,15470,19945,15133,9961,11943,11899,12896,12882
1140,20210517,15434,20225,15233,9965,11964,11898,13043,13007
1141,20210518,15672,20158,15194,9964,11948,11892,13129,12987
1142,20210519,15568,20046,15424,9965,11958,11895,13234,13003
1143,20210520,15574,19955,15370,9958,11948,11871,13272,12958
1144,20210521,15647,20146,15276,9955,11963,11857,13191,13057
1145,20210524,15715,20153,15287,9958,11959,11847,13278,13034
1146,20210525,15769,20302,15301,9961,11982,11859,13326,13163
1147,20210526,15777,20271,15405,9961,12011,11873,13350,13157
1148,20210527,15698,20360,15560,9963,12045,11923,13379,13241
1149,20210528,15999,20545,15731,9955,12117,12028,13339,13308
1150,20210531,15798,20551,15834,9958,12106,12028,13343,13385
1151,20210601,15822,20473,15895,9957,12092,12025,13288,13356
1152,20210602,15956,20550,16077,9952,12098,12064,13481,13586
1153,20210603,16090,20573,16190,9951,12104,12118,13601,13737
1154,20210604,16093,20596,16218,9948,12116,12117,13544,13765
1155,20210607,16108,20640,16178,9951,12097,12130,13664,13694
1156,20210608,16123,20637,16177,9958,12080,12121,13814,13849
1157,20210609,16077,20644,16158,9967,12104,12133,13843,13977
1158,20210610,16073,20649,16162,9979,12151,12146,13874,14017
1159,20210611,16051,20705,16210,9987,12140,12160,13829,14102
1160,20210614,16099,20802,16250,9984,12153,12156,13885,14082
1161,20210615,16228,20915,16332,9974,12170,12170,13840,14179
1162,20210616,16231,20896,16234,9968,12166,12143,13771,14036
1163,20210617,16130,20888,16243,9959,12151,12114,13608,13992
1164,20210618,15990,20771,16089,9968,12069,11988,13596,13873
1165,20210621,15604,20476,15892,9975,12060,11909,13618,13666
1166,20210622,16096,20719,15866,9968,12058,11932,13794,13906
1167,20210623,16010,20925,15964,9971,12117,12000,13755,13948
1168,20210624,15994,20947,16098,9972,12155,12044,13777,13971
1169,20210625,16122,21064,16188,9972,12155,12073,13812,13914
1170,20210628,16146,21068,16159,9966,12082,12056,13881,13965
1171,20210629,16032,21037,16072,9966,12090,12055,13943,13834
1172,20210630,15983,21059,15970,9962,12084,12019,13871,13795
1173,20210701,15948,21108,16015,9975,12140,12061,13764,13778
1174,20210702,16088,21308,16013,9982,12191,12058,13945,13901
1175,20210705,16027,21354,15922,9987,12179,12040,14036,13922
1176,20210706,16072,21320,15901,9981,12144,11998,14099,13921
1177,20210707,15935,21168,15668,9988,12121,11893,14065,13942
1178,20210708,15791,21263,15661,9996,12153,11872,14059,13967
1179,20210709,15729,20933,15310,9988,12116,11780,14024,13832
1180,20210712,16063,21234,15388,9990,12127,11841,14069,14107
1181,20210713,16181,21354,15527,9995,12154,11885,14051,14283
1182,20210714,16143,21313,15640,10001,12126,11850,14084,14115
1183,20210715,15949,21184,15558,10014,12094,11837,13978,14095
1184,20210716,15888,21080,15598,10006,12101,11810,14044,14086
1185,20210719,15682,20939,15513,10007,12096,11823,13899,14093
1186,20210720,15534,20534,15174,10015,12112,11735,13827,13761
1187,20210721,15661,20870,15187,10006,12150,11785,13832,14101
1188,20210726,15835,21460,15377,10010,12200,11857,13781,14243
1189,20210727,15936,21444,15222,10004,12194,11829,13917,14210
1190,20210728,15785,21260,15012,10008,12174,11786,14063,14220
1191,20210729,15851,21286,15168,10008,12166,11812,14034,14191
1192,20210730,15635,21352,15289,10011,12165,11848,13970,14142
1193,20210802,15954,21262,15095,10011,12182,11828,13891,14194
1194,20210803,15881,21214,15240,10018,12182,11828,13838,14140
1195,20210804,15802,21286,15260,10024,12158,11796,13895,14101
1196,20210805,15864,21358,15336,10017,12207,11840,14127,14130
1197,20210806,15866,21518,15341,10011,12235,11832,13911,14354
1198,20210810,15923,21590,15398,10003,12186,11775,13809,14307
1199,20210811,16069,21671,15459,9994,12207,11807,13859,14234
1200,20210812,16065,21674,15527,10002,12178,11796,13888,14270
1201,20210813,16090,21744,15483,10001,12178,11810,13841,14280
1202,20210816,15831,21617,15342,10009,12129,11741,13830,14252
1203,20210817,15753,21549,15257,10013,12098,11698,13786,14205
1204,20210818,15823,21469,15181,10008,12097,11707,13907,14170
1205,20210819,15602,21381,15235,10007,12136,11711,13771,14163
1206,20210820,15467,21286,14934,10010,12127,11662,13736,14130
1207,20210823,15749,21433,14844,10004,12134,11652,13546,14198
1208,20210824,15905,21620,15023,10002,12142,11672,13525,14180
1209,20210825,15917,21681,15299,10001,12145,11770,13481,14167
1210,20210826,15915,21775,15394,10004,12129,11814,13685,14200
1211,20210827,15860,21628,15248,10000,12101,11777,14058,14179
1212,20210830,16038,21774,15426,10003,12123,11826,14156,14307
1213,20210831,16126,21877,15548,10001,12160,11896,13930,14435
1214,20210901,16295,21886,15772,9997,12153,11982,13873,14539
1215,20210902,16317,21908,15793,9999,12157,11969,13966,14709
1216,20210903,16580,21982,15748,9993,12184,11951,13940,14779
1217,20210906,16793,21939,15808,9985,12150,11955,14049,14758
1218,20210907,16974,21969,15883,9987,12152,11952,13973,14747
1219,20210908,17108,21966,15934,9981,12143,11968,13940,14656
1220,20210909,16987,21862,15671,9984,12135,11917,13870,14650
1221,20210910,17208,21697,15674,9985,12137,11883,13820,14357
1222,20210913,17257,21597,15741,9986,12125,11909,13794,14208
1223,20210914,17431,21650,15853,9987,12142,11915,13908,14297
1224,20210915,17246,21474,15694,9993,12117,11836,13747,14204
1225,20210916,17196,21534,15660,9986,12077,11839,13797,14200
1226,20210917,17279,21583,15550,9981,12074,11801,13789,14267
1227,20210921,16985,20960,15033,9986,12031,11678,13692,14009
1228,20210922,16812,20940,15110,9989,11992,11650,13527,13986
1229,20210924,17201,21624,15561,9972,12084,11799,13549,14292
1230,20210927,17175,21652,15502,9968,12067,11777,13700,14155
1231,20210928,17124,21641,15592,9954,12072,11760,13750,14065
1232,20210929,16899,21304,15621,9963,12084,11762,13602,14022
1233,20210930,16831,21365,15663,9965,12075,11753,13490,14099
1234,20211001,16468,21100,15635,9979,11994,11704,13138,13866
1235,20211004,16363,21179,15612,9979,12007,11718,13264,13975
1236,20211005,16148,20941,15491,9972,11998,11650,13267,13988
1237,20211006,16099,21290,15732,9959,12033,11706,13254,13972
1238,20211007,16082,21257,15616,9965,11993,11679,13368,14034
1239,20211008,16266,21548,15820,9956,12017,11691,13240,14154
1240,20211011,16552,21628,15968,9948,12059,11756,13381,14146
1241,20211012,16436,21740,16204,9950,12160,11837,13352,14318
1242,20211013,16364,21707,16154,9955,12165,11851,13567,14479
1243,20211014,16474,21819,16214,9960,12228,11909,13504,14618
1244,20211015,16780,22248,16320,9960,12318,11970,13639,14848
1245,20211018,16740,22480,16542,9951,12329,12055,13730,14934
1246,20211019,16802,22525,16534,9953,12328,11982,13704,14952
1247,20211020,16812,22775,16598,9945,12360,12065,13648,15023
1248,20211021,16589,22793,16566,9950,12328,12034,13583,15162
1249,20211022,16601,22775,16369,9943,12253,11902,13463,15126
1250,20211025,16543,22715,16292,9940,12247,11873,13505,15140
1251,20211026,16734,22807,16437,9939,12253,11907,13449,15181
1252,20211027,16695,22918,16433,9941,12295,11924,13555,15267
1253,20211028,16578,22741,16289,9952,12333,11873,13572,15159
1254,20211029,16591,22924,16103,9952,12334,11819,13646,15323
1255,20211101,16953,22974,15967,9958,12280,11823,13547,15185
1256,20211102,16845,23075,16070,9960,12288,11761,13572,15263
1257,20211104,17044,23273,16041,9965,12334,11827,13607,15462
1258,20211105,16927,23260,15930,9976,12299,11750,13650,15294
1259,20211108,16877,23293,15942,9976,12352,11831,13667,15384
1260,20211109,16742,23262,16036,9970,12306,11839,13489,15305
1261,20211110,16652,23121,15991,9974,12318,11834,13426,15266
1262,20211111,16704,23143,16130,9967,12296,11850,13478,15363
1263,20211112,16922,23213,16314,9962,12295,11899,13433,15409
1264,20211115,16987,23327,16192,9967,12267,11824,13447,15384
1265,20211116,17007,23365,16231,9963,12235,11852,13522,15555
1266,20211117,16903,23549,16276,9959,12267,11831,13435,15549
1267,20211118,16879,23352,16158,9957,12201,11753,13472,15489
1268,20211119,16955,23435,15999,9963,12270,11721,13419,15563
1269,20211122,16942,23293,15877,9963,12242,11636,13403,15419
1270,20211124,16746,23378,15953,9955,12236,11609,13455,15593
1271,20211125,16798,23447,15983,9954,12228,11600,13516,15774
1272,20211126,16462,23381,15960,9962,12197,11525,13488,15743
1273,20211129,16159,22599,15319,9960,12216,11407,13210,15148
1274,20211130,15983,22834,15375,9975,12195,11432,13085,15247
1275,20211201,16066,22357,15213,9971,12209,11450,13202,14919
1276,20211202,15976,22135,15331,9972,12155,11398,13088,14686
1277,20211203,16237,22357,15576,9979,12179,11431,13226,15006
1278,20211206,16150,22153,15520,9985,12211,11412,13165,14927
1279,20211207,16501,22492,15530,9973,12232,11474,13252,15238
1280,20211208,16606,22995,15791,9977,12222,11545,13407,15423
1281,20211209,16510,23125,15855,9977,12231,11631,13505,15577
1282,20211210,16383,22876,15802,9975,12187,11551,13531,15350
1283,20211213,16406,23026,15758,9979,12213,11582,13386,15367
1284,20211214,16368,22843,15605,9981,12242,11563,13310,15476
1285,20211215,16454,22691,15544,9981,12237,11527,13300,15348
1286,20211216,16695,23074,15590,9986,12277,11560,13288,15580
1287,20211217,16458,22907,15691,9984,12260,11550,13538,15515
1288,20211220,16100,22643,15506,9989,12211,11511,13203,15458
1289,20211221,16336,22391,15308,9977,12212,11532,13315,15330
1290,20211222,16349,22895,15536,9970,12210,11595,13258,15588
1291,20211223,16498,23148,15641,9965,12253,11655,13336,15730
1292,20211224,16476,23364,15805,9963,12240,11712,13377,15768
1293,20211227,16403,23341,15800,9967,12228,11722,13316,15769
1294,20211228,16626,23718,15914,9963,12297,11779,13443,16050
1295,20211229,16597,23695,15954,9964,12281,11748,13559,16087
1296,20211230,16542,23764,15898,9952,12268,11745,13533,16247
1297,20220104,16857,23852,16118,9946,12251,11781,13629,16294
1298,20220105,16934,24024,16306,9947,12304,11809,13390,16464
1299,20220106,16583,23617,16203,9929,12281,11776,13328,16142
1300,20220107,16572,23512,16157,9920,12234,11758,13253,16061
1301,20220111,16499,23241,16307,9910,12165,11715,13201,15814
1302,20220112,16769,23480,16505,9929,12201,11764,13188,15817
1303,20220113,16654,23457,16619,9928,12182,11781,13165,15766
1304,20220114,16423,23086,16486,9908,12157,11691,13061,15703
1305,20220117,16498,23077,16458,9915,12114,11712,12982,15615
1306,20220118,16429,23166,16494,9912,12124,11744,12878,15650
1307,20220119,15943,22787,16301,9920,12053,11672,12422,15543
1308,20220120,16099,22558,16421,9914,12030,11716,12043,15333
1309,20220121,16004,22286,16450,9922,11969,11683,12319,15085
1310,20220124,16026,21879,16311,9919,12033,11722,12417,15026
1311,20220125,15751,21778,16049,9918,12044,11657,12346,14986
1312,20220126,15710,21541,16050,9918,11992,11655,12489,14909
1313,20220127,15302,21697,16196,9901,12001,11685,12728,14869
1314,20220128,15589,21737,16349,9892,12055,11755,12751,14748
1315,20220131,15747,22097,16311,9880,12056,11726,12789,15081
1316,20220201,15747,22457,16502,9871,12040,11771,12644,15230
1317,20220202,16082,22581,16533,9873,12004,11798,12676,15132
1318,20220203,15945,22698,16462,9875,12009,11796,12760,15277
1319,20220204,16032,22357,16465,9854,12054,11882,12678,15219
1320,20220207,15994,22473,16589,9844,12005,11885,12561,15080
1321,20220208,16061,22464,16695,9826,12001,11917,12298,15033
1322,20220209,16213,22653,16870,9834,11973,11960,12507,15007
1323,20220210,16300,23016,17064,9813,12008,12007,12716,15342
1324,20220214,16034,22294,17059,9809,11898,11913,12439,14925
1325,20220215,15901,22126,16837,9803,11855,11905,12257,14780
1326,20220216,16168,22534,17015,9789,11873,12014,12508,14946
1327,20220217,16040,22515,17173,9768,11889,12039,12581,15060
1328,20220218,15983,22007,16944,9790,11867,11981,12529,14906
1329,20220221,15869,21844,16871,9810,11897,11967,12467,14825
1330,20220222,15623,21732,16640,9829,11852,11861,12282,14771
1331,20220224,15429,21261,16432,9828,11821,11872,12305,14546
1332,20220225,15587,21437,15647,9805,11865,11677,12315,14693
1333,20220228,15677,21945,15884,9830,11837,11616,12411,15074
1334,20220301,15760,21882,15509,9828,11903,11481,12491,14873
1335,20220302,15450,21442,15328,9864,11985,11301,12566,14719
1336,20220303,15633,21893,15348,9843,11943,11170,12520,15033
1337,20220304,15326,21634,15349,9855,11866,11089,12494,15068
1338,20220307,14902,21226,15058,9868,11839,10881,12428,15036
1339,20220308,14619,20754,14700,9846,11831,10786,12347,14801
1340,20220309,14612,20702,14693,9846,11813,10840,12186,14831
1341,20220310,15203,21387,14872,9828,11832,10979,12493,15107
1342,20220311,14950,21307,15027,9830,11766,10968,12389,15209
1343,20220314,15054,21317,15019,9826,11864,11065,12338,15250
1344,20220315,15173,21334,14847,9805,11844,11101,12284,15233
1345,20220316,15394,21687,14520,9814,11873,11132,12500,15330
1346,20220317,15775,22376,15163,9816,11964,11325,12569,15610
1347,20220318,15861,22621,15474,9813,11961,11313,12765,15779
1348,20220322,16063,23086,15713,9800,11979,11388,13062,15918
1349,20220323,16438,23581,16123,9791,12066,11516,12973,16165
1350,20220324,16460,23301,16170,9786,12081,11504,13118,15989
1351,20220325,16459,23749,16330,9772,12172,11602,12969,16196
1352,20220328,16391,23841,16254,9746,12104,11642,13162,16421
1353,20220329,16542,24369,16532,9726,12302,11804,13370,16810
1354,20220330,16525,24401,16432,9765,12186,11772,13170,17026
1355,20220331,16346,24278,16566,9802,12226,11828,13263,16941
1356,20220401,16328,23872,16477,9798,12215,11792,13391,16688
1357,20220404,16408,23992,16659,9796,12193,11850,13375,16978
1358,20220405,16369,24205,16886,9790,12179,11888,13389,16890
1359,20220406,16150,24197,16926,9756,12172,11924,13324,16994
1360,20220407,15895,23879,16761,9761,12115,11846,13231,17075
1361,20220408,15929,23951,16619,9777,12082,11823,13057,16966
1362,20220411,15868,24118,16825,9762,12142,11876,13174,17093
1363,20220412,15649,23961,16742,9758,12163,11938,13109,17056
1364,20220413,15873,23868,16688,9767,12173,11936,13137,17032
1365,20220414,16023,24116,16791,9780,12230,11977,13199,17161
1366,20220415,15924,24027,16865,9783,12183,11992,13192,17212
1367,20220418,15786,24080,16875,9776,12210,12032,13235,17250
1368,20220419,15919,24177,16912,9770,12253,12101,13092,17288
1369,20220420,16082,24868,17010,9756,12400,12222,13059,17869
1370,20220421,16190,24689,16806,9757,12368,12108,13143,17930
1371,20220422,15998,24451,16746,9743,12335,12073,13198,17917
1372,20220425,15757,23838,16498,9754,12309,11977,13176,17616
1373,20220426,15774,23602,15953,9758,12218,11791,13165,17393
1374,20220427,15626,23000,15848,9763,12205,11691,13248,17174
1375,20220428,15954,23236,16080,9776,12250,11802,13102,17206
1376,20220502,15942,23319,16525,9764,12276,11853,13175,16937
1377,20220506,16092,23328,16360,9748,12194,11840,13217,16446
1378,20220509,15776,23137,16035,9739,12140,11763,13096,16178
1379,20220510,15644,22276,15674,9743,12108,11582,12986,15434
1380,20220511,15551,22381,15633,9746,12194,11615,12877,15263
1381,20220512,15369,22059,15580,9754,12171,11581,12882,15204
1382,20220513,15663,21811,15244,9762,12113,11500,13074,15123
1383,20220516,15657,22495,15587,9759,12130,11564,13053,15611
1384,20220517,15686,22382,15443,9752,12140,11366,13115,15538
1385,20220518,15837,22843,15802,9751,12123,11463,13179,15727
1386,20220519,15630,21915,15584,9757,12036,11334,13148,15228
1387,20220520,15777,21717,15421,9768,12058,11380,13148,15036
1388,20220523,15921,21767,15684,9771,12069,11480,13183,15100
1389,20220524,15784,22153,15756,9781,12066,11553,13065,15239
1390,20220525,15770,21817,15510,9796,12064,11504,13245,15209
1391,20220526,15778,22104,15610,9765,12121,11572,13164,15373
1392,20220527,15860,22401,15673,9777,12066,11540,13182,15377
1393,20220530,16156,22897,15916,9770,12086,11612,13302,15714
1394,20220531,16072,23170,16197,9760,12176,11736,13332,15897
1395,20220601,16292,23132,16448,9759,12159,11794,13345,15855
1396,20220602,16188,23140,16435,9749,12177,11838,13370,15877
1397,20220603,16245,23525,16419,9762,12194,11901,13324,16004
1398,20220606,16294,23371,16476,9755,12229,11973,13345,15939
1399,20220607,16362,23706,16720,9744,12291,12074,13387,16041
1400,20220608,16554,23977,16710,9745,12398,12076,13424,16290
1401,20220609,16546,24058,16968,9741,12512,12186,13451,16134
1402,20220610,16329,23453,16823,9731,12391,12102,13342,15737
1403,20220613,15973,22864,16674,9686,12305,11987,13225,15500
1404,20220614,15785,21890,16064,9665,12040,11727,12881,14708
1405,20220615,15595,21891,16195,9637,12036,11751,12500,14676
1406,20220616,15695,22115,16303,9674,12086,11806,12733,14918
1407,20220617,15425,21283,15866,9673,12042,11661,12780,14522
1408,20220620,15285,21620,15981,9658,12242,11826,12667,14802
1409,20220621,15597,21687,15953,9652,12227,11788,12735,14838
1410,20220622,15568,22301,16360,9653,12292,11936,12626,15073
1411,20220623,15561,22206,16012,9668,12411,11937,12685,15142
1412,20220624,15686,22150,15901,9671,12404,11869,12720,15226
1413,20220627,15858,22702,16034,9649,12340,11841,12864,15494
1414,20220628,16027,22862,16344,9643,12372,11898,13072,15629
1415,20220629,15931,22614,16427,9654,12363,11898,13139,15629
1416,20220630,15741,22623,16384,9670,12465,11940,13105,15490
1417,20220701,15522,22279,16132,9685,12509,11871,12963,15288
1418,20220704,15731,22270,15906,9678,12480,11759,13128,15368
1419,20220705,15810,22503,16013,9666,12540,11855,13132,15517
1420,20220706,15614,22302,15854,9676,12480,11678,12987,15376
1421,20220707,15838,22404,15726,9678,12426,11622,13091,15429
1422,20220708,15883,22806,15997,9669,12390,11679,12955,15524
1423,20220711,16108,22868,16132,9657,12364,11713,13098,15504
1424,20220712,15845,22694,15885,9657,12436,11634,13100,15500
1425,20220713,15891,22506,15707,9672,12470,11575,13084,15431
1426,20220714,15927,22551,15795,9676,12564,11667,13099,15495
1427,20220715,15923,22554,15709,9689,12602,11672,13027,15417
1428,20220719,16009,22819,15839,9672,12591,11717,13171,15591
1429,20220720,16377,23409,15899,9665,12606,11749,13163,15939
1430,20220721,16412,23569,15950,9675,12607,11746,13267,15993
1431,20220722,16457,23574,15824,9699,12567,11656,13312,15931
1432,20220725,16349,23262,15735,9710,12606,11652,13332,15972
1433,20220726,16349,23297,15816,9722,12604,11728,13309,16022
1434,20220727,16372,23134,15908,9729,12655,11746,13331,16078
1435,20220728,16397,23531,15933,9717,12630,11742,13385,16082
1436,20220729,16325,23511,15845,9733,12547,11701,13514,16326
1437,20220801,16493,23530,15599,9720,12434,11625,13606,16253
1438,20220802,16202,23154,15320,9743,12324,11507,13486,15895
1439,20220803,16245,23467,15476,9728,12471,11672,13477,15997
1440,20220804,16246,23773,15510,9742,12444,11693,13536,16023
1441,20220805,16383,23694,15592,9757,12468,11733,13514,15955
1442,20220808,16418,24022,15975,9755,12534,11913,13503,16219
1443,20220809,16296,23982,15992,9768,12551,11950,13469,16296
1444,20220810,16268,23928,16059,9758,12560,11979,13440,16428
1445,20220812,16603,24093,16037,9760,12383,11995,13446,16468
1446,20220815,16701,24346,16168,9758,12331,12018,13552,16641
1447,20220816,16676,24405,16105,9776,12338,11943,13609,16685
1448,20220817,16885,24670,16291,9775,12403,12016,13540,16784
1449,20220818,16747,24587,16382,9757,12393,12007,13572,16763
1450,20220819,16781,24851,16439,9763,12469,12003,13623,16813
1451,20220822,16764,24692,16432,9731,12426,12011,13559,16700
1452,20220823,16586,24228,16363,9726,12349,11963,13443,16389
1453,20220824,16551,24107,16395,9722,12309,11962,13401,16139
1454,20220825,16630,24197,16385,9713,12286,11982,13495,16209
1455,20220826,16654,24446,16648,9720,12301,12002,13603,16397
1456,20220829,16356,23991,16828,9693,12394,12102,13561,16231
1457,20220830,16564,23893,16743,9702,12397,12126,13743,16127
1458,20220831,16520,23669,16631,9711,12396,12111,13669,15962
1459,20220901,16286,23612,16689,9693,12440,12132,13534,15944
1460,20220902,16241,23629,16601,9677,12385,12136,13505,15937
1461,20220905,16231,23567,16614,9689,12437,12198,13549,15850
1462,20220906,16211,23554,16671,9679,12445,12223,13576,15837
1463,20220907,16121,23902,16881,9655,12585,12333,13589,16264
1464,20220908,16473,24481,17006,9657,12791,12522,13558,16660
1465,20220909,16540,24574,16923,9646,12707,12517,13638,16641
1466,20220912,16662,24814,17095,9656,12628,12482,13667,16705
1467,20220913,16716,25092,17272,9686,12651,12537,13684,16848
1468,20220914,16387,24440,17230,9692,12683,12555,13553,16514
1469,20220915,16413,24256,16933,9659,12599,12425,13532,16151
1470,20220916,16312,23985,16788,9645,12554,12338,13674,15873
1471,20220920,16386,23924,16569,9638,12550,12372,13552,15864
1472,20220921,16163,23713,16672,9629,12473,12343,13518,15554
1473,20220922,16124,23468,16564,9643,12495,12337,13554,15382
1474,20220926,15687,22618,16087,9609,12216,12106,13288,14824
1475,20220927,15759,22483,15837,9582,12151,12001,13095,14463
1476,20220928,15609,22449,15847,9576,12039,11971,12882,14211
1477,20220929,15889,22800,15641,9602,12206,11959,13029,14462
1478,20220930,15612,22504,15577,9606,12287,11982,13098,14182
1479,20221003,15710,22275,15676,9632,12280,11976,13144,14383
1480,20221004,16213,22760,15945,9646,12406,12114,13338,14599
1481,20221005,16266,23409,16072,9646,12426,12173,13232,14814
1482,20221006,16347,23439,16394,9641,12370,12187,13190,14641
1483,20221007,16213,23200,16385,9629,12270,12111,13075,14340
1484,20221011,15910,22559,16124,9597,12197,12104,12964,13961
1485,20221012,15891,22440,15852,9583,12197,12056,12999,14115
1486,20221013,15767,22498,15924,9578,12264,12077,12830,14090
1487,20221014,16139,23070,15906,9580,12335,12138,12809,14342
1488,20221017,15980,22826,15974,9560,12367,12176,12728,14183
1489,20221018,16168,23459,16201,9556,12487,12253,12688,14693
1490,20221019,16198,23771,16407,9550,12543,12296,12564,14874
1491,20221020,16116,23682,16334,9532,12497,12241,12589,14587
1492,20221021,16003,23598,16440,9506,12477,12251,12541,14619
1493,20221024,16044,23849,16475,9483,12395,12184,12483,14581
1494,20221025,16216,24119,15902,9508,12460,12140,12602,14622
1495,20221026,16309,24394,15833,9518,12531,12151,13037,15089
1496,20221027,16201,24018,15626,9561,12473,12108,13199,14927
1497,20221028,16143,23968,15761,9581,12554,12133,13248,15013
1498,20221031,16404,24656,15767,9595,12648,12243,13315,15433
1499,20221101,16481,24588,15778,9574,12591,12253,13496,15436
1500,20221102,16497,24379,15935,9566,12513,12196,13247,15354
1501,20221104,16284,23687,15931,9544,12425,12204,13142,14976
1502,20221107,16446,23913,16248,9539,12391,12235,13046,15090
1503,20221108,16645,24078,16272,9525,12374,12280,13137,15085
1504,20221109,16574,24113,16236,9560,12373,12262,13130,15064
1505,20221110,16466,23777,16147,9565,12443,12322,13118,14994
1506,20221111,16817,24250,15599,9604,12330,12154,13337,15456
1507,20221114,16640,24161,15904,9579,12159,12070,13144,15276
1508,20221115,16703,24132,16100,9592,12206,12175,13091,15058
1509,20221116,16695,24197,16287,9596,12214,12125,13114,15096
1510,20221117,16721,24005,16098,9610,12305,12102,13159,14943
1511,20221118,16727,24051,16099,9599,12327,12106,13165,14978
1512,20221121,16774,24162,16054,9591,12299,12101,13261,15156
1513,20221122,16962,24345,16190,9590,12427,12247,13171,15372
1514,20221124,17166,24361,16042,9591,12359,12127,13251,15149
1515,20221125,17160,24361,16186,9567,12371,12169,13236,15179
1516,20221128,17042,24344,16123,9563,12304,12129,13315,15257
1517,20221129,16947,23966,15981,9544,12264,12131,13363,14868
1518,20221130,16885,23930,16388,9547,12265,12215,13313,15079
