ì˙ït,äÓèÄâøäz
20160908,10037
20160909,10077
20160912,9900
20160913,9857
20160914,9838
20160915,9813
20160916,9850
20160920,9816
20160921,9806
20160923,9924
20160926,9842
20160927,9702
20160928,9761
20160929,9889
20160930,9821
20161003,9899
20161004,9949
20161005,9995
20161006,10086
20161007,10073
20161011,10108
20161012,9959
20161013,10028
20161014,9930
20161017,9982
20161018,9912
20161019,9983
20161020,9999
20161021,10029
20161024,9988
20161025,10079
20161026,10022
20161027,10030
20161028,10070
20161031,10021
20161101,10001
20161102,9893
20161104,9684
20161107,9735
20161108,9968
20161109,9780
20161110,10187
20161111,10293
20161114,10307
20161115,10358
20161116,10526
20161117,10471
20161118,10641
20161121,10686
20161122,10725
20161124,10918
20161125,11062
20161128,10968
20161129,10871
20161130,10946
20161201,11120
20161202,11030
20161205,11018
20161206,11095
20161207,11197
20161208,11306
20161209,11375
20161212,11544
20161213,11505
20161214,11601
20161215,11727
20161216,11798
20161219,11748
20161220,11701
20161221,11816
20161222,11779
20161226,11703
20161227,11745
20161228,11792
20161229,11675
20161230,11635
20170104,11820
20170105,11778
20170106,11718
20170110,11726
20170111,11728
20170112,11696
20170113,11650
20170116,11620
20170117,11578
20170118,11444
20170119,11645
20170120,11651
20170123,11577
20170124,11435
20170125,11593
20170126,11645
20170127,11767
20170130,11781
20170131,11596
20170201,11521
20170202,11551
20170203,11534
20170206,11548
20170207,11435
20170208,11502
20170209,11483
20170210,11718
20170213,11774
20170214,11811
20170215,11917
20170216,11949
20170217,11882
20170220,11820
20170221,11875
20170222,11955
20170223,11914
20170224,11873
20170227,11770
20170228,11819
20170301,11855
20170302,12091
20170303,12063
20170306,12039
20170307,12014
20170308,11978
20170309,12017
20170310,12099
20170313,12116
20170314,12136
20170315,12084
20170316,12045
20170317,12090
20170321,11954
20170322,11769
20170323,11737
20170324,11735
20170327,11655
20170328,11677
20170329,11770
20170330,11825
20170331,11931
20170403,11817
20170404,11709
20170405,11740
20170406,11694
20170407,11748
20170410,11782
20170411,11736
20170412,11599
20170413,11513
20170414,11473
20170417,11381
20170418,11548
20170419,11441
20170420,11469
20170421,11568
20170424,11639
20170425,11803
20170426,12030
20170427,12028
20170428,12012
20170501,12023
20170502,12087
20170508,12288
20170509,12332
20170510,12387
20170511,12444
20170512,12381
20170515,12340
20170516,12448
20170517,12349
20170518,12006
20170519,12038
20170522,12156
20170523,12178
20170524,12257
20170525,12275
20170526,12314
20170529,12253
20170530,12213
20170531,12193
20170601,12204
20170602,12354
20170605,12287
20170606,12235
20170607,12123
20170608,12176
20170609,12162
20170612,12201
20170613,12137
20170614,12210
20170615,12157
20170616,12259
20170619,12289
20170620,12459
20170621,12323
20170622,12285
20170623,12316
20170626,12327
20170627,12416
20170628,12384
20170629,12511
20170630,12382
20170703,12390
20170704,12539
20170705,12511
20170706,12515
20170707,12463
20170710,12607
20170711,12636
20170712,12579
20170713,12633
20170714,12692
20170718,12638
20170719,12584
20170720,12643
20170721,12678
20170724,12520
20170725,12546
20170726,12655
20170727,12588
20170728,12580
20170731,12473
20170801,12474
20170802,12533
20170803,12570
20170804,12478
20170807,12571
20170808,12595
20170809,12477
20170810,12474
20170814,12222
20170815,12417
20170816,12460
20170817,12436
20170818,12221
20170821,12175
20170822,12165
20170823,12321
20170824,12237
20170825,12299
20170828,12264
20170829,12229
20170830,12327
20170831,12424
20170901,12487
20170904,12481
20170905,12442
20170906,12273
20170907,12363
20170908,12318
20170911,12309
20170912,12542
20170913,12667
20170914,12705
20170915,12661
20170919,12847
20170920,12886
20170921,12970
20170922,12929
20170925,12976
20170926,12821
20170927,12894
20170928,12996
20170929,13000
20171002,13055
20171003,13111
20171004,13108
20171005,13128
20171006,13178
20171010,13149
20171011,13141
20171012,13192
20171013,13161
20171016,13145
20171017,13166
20171018,13163
20171019,13285
20171020,13249
20171023,13406
20171024,13313
20171025,13372
20171026,13282
20171027,13346
20171030,13380
20171031,13298
20171101,13399
20171102,13449
20171106,13509
20171107,13458
20171108,13439
20171109,13487
20171110,13366
20171113,13368
20171114,13368
20171115,13332
20171116,13215
20171117,13302
20171120,13178
20171121,13258
20171122,13308
20171124,13220
20171127,13282
20171128,13179
20171129,13348
20171130,13388
20171201,13515
20171204,13505
20171205,13485
20171206,13427
20171207,13408
20171208,13533
20171211,13654
20171212,13679
20171213,13690
20171214,13637
20171215,13521
20171218,13625
20171219,13713
20171220,13730
20171221,13738
20171222,13806
20171225,13772
20171226,13797
20171227,13792
20171228,13827
20171229,13804
20180104,13895
20180105,14006
20180109,14140
20180110,14068
20180111,13925
20180112,13984
20180115,14055
20180116,14071
20180117,13988
20180118,14161
20180119,14139
20180122,14157
20180123,14283
20180124,14232
20180125,14144
20180126,14159
20180129,14163
20180130,14114
20180131,13957
20180201,14013
20180202,14041
20180205,13819
20180206,13248
20180207,13336
20180208,13323
20180209,12866
20180213,13093
20180214,13012
20180215,13083
20180216,13166
20180219,13184
20180220,13218
20180221,13256
20180222,13192
20180223,13150
20180226,13285
20180227,13412
20180228,13326
20180301,13096
20180302,12911
20180305,12812
20180306,13020
20180307,13003
20180308,13067
20180309,13197
20180312,13400
20180313,13340
20180314,13303
20180315,13164
20180316,13175
20180319,13147
20180320,13026
20180322,12994
20180323,12625
20180326,12425
20180327,12713
20180328,12586
20180329,12703
20180330,12759
20180402,12774
20180403,12521
20180404,12689
20180405,12808
20180406,12989
20180409,12758
20180410,12800
20180411,13033
20180412,12952
20180413,13089
20180416,13080
20180417,13102
20180418,13231
20180419,13295
20180420,13230
20180423,13182
20180424,13283
20180425,13194
20180426,13233
20180427,13326
20180501,13287
20180502,13343
20180507,13275
20180508,13320
20180509,13351
20180510,13540
20180511,13596
20180514,13614
20180515,13678
20180516,13657
20180517,13698
20180518,13787
20180521,13759
20180522,13846
20180523,13807
20180524,13620
20180525,13573
20180528,13532
20180529,13471
20180530,13192
20180531,13388
20180601,13347
20180604,13564
20180605,13660
20180606,13654
20180607,13801
20180608,13760
20180611,13713
20180612,13860
20180613,13887
20180614,13842
20180615,13877
20180618,13828
20180619,13744
20180620,13645
20180621,13723
20180622,13596
20180625,13622
20180626,13411
20180627,13461
20180628,13393
20180629,13492
20180702,13603
20180703,13595
20180704,13524
20180705,13526
20180706,13670
20180709,13758
20180710,13942
20180711,13958
20180712,13975
20180713,14167
20180717,14133
20180718,14227
20180719,14238
20180720,14171
20180723,13987
20180724,14011
20180725,14094
20180726,14114
20180727,14132
20180730,14087
20180731,14024
20180801,14186
20180802,14132
20180803,14135
20180806,14121
20180807,14163
20180808,14235
20180809,14162
20180810,14143
20180813,13940
20180814,13916
20180815,14041
20180816,13814
20180817,13956
20180820,13968
20180821,13956
20180822,14038
20180823,14108
20180824,14160
20180827,14217
20180828,14340
20180829,14343
20180830,14488
20180831,14325
20180903,14252
20180904,14270
20180905,14273
20180906,14175
20180907,14019
20180910,14031
20180911,14136
20180912,14193
20180913,14209
20180914,14365
20180918,14290
20180919,14418
20180920,14456
20180921,14623
20180925,14627
20180926,14624
20180927,14591
20180928,14685
20181001,14694
20181002,14738
20181003,14643
20181004,14749
20181005,14596
20181009,14298
20181010,14309
20181011,13835
20181012,13553
20181015,13650
20181016,13597
20181017,13911
20181018,13907
20181019,13692
20181022,13713
20181023,13683
20181024,13540
20181025,13155
20181026,13372
20181029,13133
20181030,13159
20181031,13389
20181101,13498
20181102,13660
20181105,13657
20181106,13700
20181107,13762
20181108,14049
20181109,14063
20181112,13925
20181113,13644
20181114,13706
20181115,13583
20181116,13665
20181119,13596
20181120,13413
20181121,13199
20181122,13308
20181126,13219
20181127,13456
20181128,13491
20181129,13718
20181130,13698
20181203,13773
20181204,13931
20181205,13493
20181206,13455
20181207,13324
20181210,13102
20181211,13105
20181212,13185
20181213,13295
20181214,13313
20181217,13079
20181218,12786
20181219,12731
20181220,12614
20181221,12302
20181225,11728
20181226,11795
20181227,12226
20181228,12268
20190104,11808
20190107,12285
20190108,12396
20190109,12498
20190110,12537
20190111,12611
20190115,12534
20190116,12639
20190117,12730
20190118,12853
20190121,13049
20190122,13048
20190123,12874
20190124,12902
20190125,12938
20190128,13023
20190129,12904
20190130,12942
20190131,13066
20190201,13141
20190204,13233
20190205,13352
20190206,13428
20190207,13399
20190208,13251
20190212,13342
20190213,13495
20190214,13578
20190215,13492
20190218,13660
20190219,13666
20190220,13725
20190221,13762
20190222,13726
20190225,13810
20190226,13867
20190227,13820
20190228,13847
20190301,13901
20190304,14040
20190305,13983
20190306,13945
20190307,13874
20190308,13740
20190311,13616
20190312,13864
20190313,13874
20190314,13978
20190315,14067
20190318,14103
20190319,14132
20190320,14185
20190322,14125
20190325,13761
20190326,13782
20190327,13905
20190328,13829
20190329,13940
20190401,14044
20190402,14243
20190403,14279
20190404,14347
20190405,14382
20190408,14388
20190409,14408
20190410,14303
20190411,14343
20190412,14432
20190415,14550
20190416,14549
20190417,14578
20190418,14547
20190419,14549
20190422,14548
20190423,14539
20190424,14646
20190425,14638
20190426,14561
20190507,14435
20190508,14156
20190509,14119
20190510,14026
20190513,14064
20190514,13741
20190515,13866
20190516,13932
20190517,14120
20190520,14071
20190521,13984
20190522,14128
20190523,14061
20190524,13826
20190527,13846
20190528,13860
20190529,13731
20190530,13644
20190531,13637
20190603,13380
20190604,13331
20190605,13584
20190606,13698
20190607,13791
20190610,13942
20190611,13999
20190612,14038
20190613,13980
20190614,14012
20190617,13989
20190618,13989
20190619,14138
20190620,14110
20190621,14184
20190624,14180
20190625,14142
20190626,14033
20190627,14067
20190628,14126
20190701,14261
20190702,14371
20190703,14320
20190704,14447
20190705,14464
20190708,14489
20190709,14464
20190710,14479
20190711,14434
20190712,14496
20190716,14481
20190717,14487
20190718,14358
20190719,14360
20190722,14346
20190723,14380
20190724,14487
20190725,14537
20190726,14529
20190729,14568
20190730,14609
20190731,14507
20190801,14442
20190802,14099
20190805,13844
20190806,13430
20190807,13556
20190808,13569
20190809,13806
20190813,13506
20190814,13774
20190815,13380
20190816,13389
20190819,13608
20190820,13793
20190821,13668
20190822,13815
20190823,13797
20190826,13331
20190827,13515
20190828,13488
20190829,13580
20190830,13786
20190902,13761
20190903,13782
20190904,13664
20190905,13896
20190906,14137
20190909,14141
20190910,14204
20190911,14239
20190912,14390
20190913,14462
20190917,14403
20190918,14447
20190919,14458
20190920,14442
20190924,14306
20190925,14146
20190926,14244
20190927,14246
20190930,14225
20191001,14306
20191002,14092
20191003,13739
20191004,13788
20191007,13939
20191008,13998
20191009,13768
20191010,13905
20191011,14111
20191015,14315
20191016,14490
20191017,14488
20191018,14528
20191021,14459
20191023,14493
20191024,14562
20191025,14609
20191028,14664
20191029,14763
20191030,14735
20191031,14789
20191101,14622
20191105,14922
20191106,14942
20191107,14933
20191108,15044
20191111,15020
20191112,15007
20191113,14998
20191114,14970
20191115,14948
20191118,15090
20191119,15060
20191120,15068
20191121,14983
20191122,14984
20191125,15030
20191126,15179
20191127,15223
20191128,15316
20191129,15336
20191202,15290
20191203,15090
20191204,14909
20191205,15053
20191206,15063
20191209,15162
20191210,15129
20191211,15129
20191212,15155
20191213,15433
20191216,15431
20191217,15580
20191218,15563
20191219,15577
20191220,15589
20191223,15653
20191224,15676
20191225,15662
20191226,15699
20191227,15778
20191230,15797
20200106,15563
20200107,15644
20200108,15529
20200109,15778
20200110,15916
20200114,16059
20200115,16026
20200116,16060
20200117,16218
20200120,16258
20200121,16262
20200122,16167
20200123,16147
20200124,16103
20200127,15943
20200128,15646
20200129,15818
20200130,15804
20200131,15813
20200203,15506
20200204,15594
20200205,15953
20200206,16159
20200207,16228
20200210,16101
20200212,16268
20200213,16369
20200214,16342
20200217,16352
20200218,16366
20200219,16320
20200220,16615
20200221,16658
20200225,15808
20200226,15314
20200227,15255
20200228,14562
20200302,14113
20200303,14674
20200304,14327
20200305,14809
20200306,14265
20200309,13419
20200310,12547
20200311,13145
20200312,12582
20200313,11358
20200316,12364
20200317,11065
20200318,11641
20200319,11162
20200323,11127
20200324,10781
20200325,11820
20200326,12044
20200327,12482
20200330,11933
20200331,12370
20200401,12164
20200402,11654
20200403,11899
20200406,11818
20200407,12560
20200408,12578
20200409,12944
20200410,13106
20200413,13064
20200414,12906
20200415,13175
20200416,12892
20200417,12985
20200420,13326
20200421,13150
20200422,12740
20200423,12999
20200424,13004
20200427,13108
20200428,13297
20200430,13582
20200501,13485
20200507,13064
20200508,13252
20200511,13521
20200512,13574
20200513,13340
20200514,13064
20200515,13173
20200518,13199
20200519,13669
20200520,13662
20200521,13836
20200522,13728
20200525,13711
20200526,13782
20200527,13944
20200528,14173
20200529,14163
20200601,14204
20200602,14291
20200603,14610
20200604,14868
20200605,14871
20200608,15281
20200609,15219
20200610,15069
20200611,14910
20200612,14045
20200615,14242
20200616,14364
20200617,14646
20200618,14558
20200619,14555
20200622,14486
20200623,14595
20200624,14636
20200625,14318
20200626,14450
20200629,14205
20200630,14433
20200701,14664
20200702,14649
20200703,14779
20200706,14779
20200707,14981
20200708,14878
20200709,14917
20200710,14794
20200713,14903
20200714,14888
20200715,15042
20200716,15165
20200717,15138
20200720,15227
20200721,15331
20200722,15338
20200727,14973
20200728,15019
20200729,14912
20200730,15067
20200731,14913
20200803,15138
20200804,15286
20200805,15281
20200806,15380
20200807,15432
20200811,15516
20200812,15543
20200813,15796
20200814,15803
20200817,15705
20200818,15677
20200819,15615
20200820,15687
20200821,15646
20200824,15668
20200825,15865
20200826,15980
20200827,16059
20200828,16159
20200831,16054
20200901,16111
20200902,16209
20200903,16447
20200904,15950
20200907,15816
20200908,15855
20200909,15415
20200910,15756
20200911,15533
20200914,15544
20200915,15658
20200916,15696
20200917,15592
20200918,15457
20200923,15195
20200924,14980
20200925,14990
20200928,15141
20200929,15408
20200930,15423
20201001,15455
20201002,15549
20201005,15444
20201006,15723
20201007,15547
20201008,15825
20201009,15939
20201012,16033
20201013,16192
20201014,16106
20201015,16000
20201016,15911
20201019,15958
20201020,15806
20201021,15833
20201022,15649
20201023,15703
20201026,15777
20201027,15511
20201028,15380
20201029,14861
20201030,14988
20201102,14845
20201104,15324
20201105,15610
20201106,15836
20201109,15803
20201110,16317
20201111,16332
20201112,16513
20201113,16296
20201116,16420
20201117,16585
20201118,16479
20201119,16336
20201120,16380
20201124,16503
20201125,16745
20201126,16726
20201127,16685
20201130,16714
20201201,16664
20201202,16875
20201203,16927
20201204,16848
20201207,17022
20201208,17003
20201209,17067
20201210,16969
20201211,16944
20201214,16897
20201215,16892
20201216,16994
20201217,17013
20201218,17107
20201221,17068
20201222,16935
20201223,16991
20201224,17042
20201225,17058
20201228,17085
20201229,17240
20201230,17194
20210104,17182
20210105,17052
20210106,17094
20210107,17263
20210108,17618
20210112,17637
20210113,17583
20210114,17642
20210115,17604
20210118,17442
20210119,17436
20210120,17593
20210121,17742
20210122,17746
20210125,17733
20210126,17726
20210127,17701
20210128,17368
20210129,17546
20210201,17263
20210202,17542
20210203,17808
20210204,17827
20210205,18064
20210208,18159
20210209,18226
20210210,18140
20210212,18209
20210215,18368
20210216,18496
20210217,18582
20210218,18453
20210219,18374
20210222,18359
20210224,18208
20210225,18477
20210226,18142
20210301,18030
20210302,18481
20210303,18373
20210304,18199
20210305,18112
20210308,18402
20210309,18481
20210310,18664
20210311,18754
20210312,18994
20210315,19065
20210316,19194
20210317,19173
20210318,19206
20210319,18978
20210322,18903
20210323,19018
20210324,18818
20210325,18754
20210326,18888
20210329,19207
20210330,19226
20210331,19352
20210401,19432
20210402,19627
20210405,19619
20210406,19774
20210407,19734
20210408,19745
20210409,19788
20210412,19966
20210413,19912
20210414,19868
20210415,19846
20210416,19996
20210419,20069
20210420,19923
20210421,19709
20210422,19873
20210423,19751
20210426,19933
20210427,20029
20210428,20159
20210430,20256
20210506,20119
20210507,20214
20210510,20349
20210511,20222
20210512,19981
20210513,19793
20210514,19945
20210517,20225
20210518,20158
20210519,20046
20210520,19955
20210521,20146
20210524,20153
20210525,20302
20210526,20271
20210527,20360
20210528,20545
20210531,20551
20210601,20473
20210602,20550
20210603,20573
20210604,20596
20210607,20640
20210608,20637
20210609,20644
20210610,20649
20210611,20705
20210614,20802
20210615,20915
20210616,20896
20210617,20888
20210618,20771
20210621,20476
20210622,20719
20210623,20925
20210624,20947
20210625,21064
20210628,21068
20210629,21037
20210630,21059
20210701,21108
20210702,21308
20210705,21354
20210706,21320
20210707,21168
20210708,21263
20210709,20933
20210712,21234
20210713,21354
20210714,21313
20210715,21184
20210716,21080
20210719,20939
20210720,20534
20210721,20870
20210726,21460
20210727,21444
20210728,21260
20210729,21286
20210730,21352
20210802,21262
20210803,21214
20210804,21286
20210805,21358
20210806,21518
20210810,21590
20210811,21671
20210812,21674
20210813,21744
20210816,21617
20210817,21549
20210818,21469
20210819,21381
20210820,21286
20210823,21433
20210824,21620
20210825,21681
20210826,21775
20210827,21628
20210830,21774
20210831,21877
20210901,21886
20210902,21908
20210903,21982
20210906,21939
20210907,21969
20210908,21966
20210909,21862
20210910,21697
20210913,21597
20210914,21650
20210915,21474
20210916,21534
20210917,21583
20210921,20960
20210922,20940
20210924,21624
20210927,21652
20210928,21641
20210929,21304
20210930,21365
20211001,21100
20211004,21179
20211005,20941
20211006,21290
20211007,21257
20211008,21548
20211011,21628
20211012,21740
20211013,21707
20211014,21819
20211015,22248
20211018,22480
20211019,22525
20211020,22775
20211021,22793
20211022,22775
20211025,22715
20211026,22807
20211027,22918
20211028,22741
20211029,22924
20211101,22974
20211102,23075
20211104,23273
20211105,23260
20211108,23293
20211109,23262
20211110,23121
20211111,23143
20211112,23213
20211115,23327
20211116,23365
20211117,23549
20211118,23352
20211119,23435
20211122,23293
20211124,23378
20211125,23447
20211126,23381
20211129,22599
20211130,22834
20211201,22357
20211202,22135
20211203,22357
20211206,22153
20211207,22492
20211208,22995
20211209,23125
20211210,22876
20211213,23026
20211214,22843
20211215,22691
20211216,23074
20211217,22907
20211220,22643
20211221,22391
20211222,22895
20211223,23148
20211224,23364
20211227,23341
20211228,23718
20211229,23695
20211230,23764
20220104,23852
20220105,24024
20220106,23617
20220107,23512
20220111,23241
20220112,23480
20220113,23457
20220114,23086
20220117,23077
20220118,23166
20220119,22787
20220120,22558
20220121,22286
20220124,21879
20220125,21778
20220126,21541
20220127,21697
20220128,21737
20220131,22097
20220201,22457
20220202,22581
20220203,22698
20220204,22357
20220207,22473
20220208,22464
20220209,22653
20220210,23016
20220214,22294
20220215,22126
20220216,22534
20220217,22515
20220218,22007
20220221,21844
20220222,21732
20220224,21261
20220225,21437
20220228,21945
20220301,21882
20220302,21442
20220303,21893
20220304,21634
20220307,21226
20220308,20754
20220309,20702
20220310,21387
20220311,21307
20220314,21317
20220315,21334
20220316,21687
20220317,22376
20220318,22621
20220322,23086
20220323,23581
20220324,23301
20220325,23749
20220328,23841
20220329,24369
20220330,24401
20220331,24278
20220401,23872
20220404,23992
20220405,24205
20220406,24197
20220407,23879
20220408,23951
20220411,24118
20220412,23961
20220413,23868
20220414,24116
20220415,24027
20220418,24080
20220419,24177
20220420,24868
20220421,24689
20220422,24451
20220425,23838
20220426,23602
20220427,23000
20220428,23236
20220502,23319
20220506,23328
20220509,23137
20220510,22276
20220511,22381
20220512,22059
20220513,21811
20220516,22495
20220517,22382
20220518,22843
20220519,21915
20220520,21717
20220523,21767
20220524,22153
20220525,21817
20220526,22104
20220527,22401
20220530,22897
20220531,23170
20220601,23132
20220602,23140
20220603,23525
20220606,23371
20220607,23706
20220608,23977
20220609,24058
20220610,23453
20220613,22864
20220614,21890
20220615,21891
20220616,22115
20220617,21283
20220620,21620
20220621,21687
20220622,22301
20220623,22206
20220624,22150
20220627,22702
20220628,22862
20220629,22614
20220630,22623
20220701,22279
20220704,22270
20220705,22503
20220706,22302
20220707,22404
20220708,22806
20220711,22868
20220712,22694
20220713,22506
20220714,22551
20220715,22554
20220719,22819
20220720,23409
20220721,23569
20220722,23574
20220725,23262
20220726,23297
20220727,23134
20220728,23531
20220729,23511
20220801,23530
20220802,23154
20220803,23467
20220804,23773
20220805,23694
20220808,24022
20220809,23982
20220810,23928
20220812,24093
20220815,24346
20220816,24405
20220817,24670
20220818,24587
20220819,24851
20220822,24692
20220823,24228
20220824,24107
20220825,24197
20220826,24446
20220829,23991
20220830,23893
20220831,23669
20220901,23612
20220902,23629
20220905,23567
20220906,23554
20220907,23902
20220908,24481
20220909,24574
20220912,24814
20220913,25092
20220914,24440
20220915,24256
20220916,23985
20220920,23924
20220921,23713
20220922,23468
20220926,22618
20220927,22483
20220928,22449
20220929,22800
20220930,22504
20221003,22275
20221004,22760
20221005,23409
20221006,23439
20221007,23200
20221011,22559
20221012,22440
20221013,22498
20221014,23070
20221017,22826
20221018,23459
20221019,23771
20221020,23682
20221021,23598
20221024,23849
20221025,24119
20221026,24394
20221027,24018
20221028,23968
20221031,24656
20221101,24588
20221102,24379
20221104,23687
20221107,23913
20221108,24078
20221109,24113
20221110,23777
20221111,24250
20221114,24161
20221115,24132
20221116,24197
20221117,24005
20221118,24051
20221121,24162
20221122,24345
20221124,24361
20221125,24361
20221128,24344
20221129,23966
20221130,23930
